ISO-10303-21;
HEADER;
/* Generated by software containing ST-Developer
 * from STEP Tools, Inc. (www.steptools.com) 
 */
/* OPTION: using custom renumber hook */

FILE_DESCRIPTION(
/* description */ ('STEP AP242 Edition 2',
'CAx-IF Rec.Pracs.---Representation and Presentation of Product Manufa
cturing Information (PMI)---4.0---2014-10-13',
'CAx-IF Rec.Pracs.---3D Tessellated Geometry---0.4---2014-09-14','2;1',
'CAx-IF Rec.Pracs.---User Defined Attributes---1.5---2016-08-15'),
/* implementation_level */ '2;1');

FILE_NAME(
/* name */ 'PAN211x_SOT23-8_P0.8mm',
/* time_stamp */ '2026-08-17T18:05:53Z',
/* author */ (''),
/* organization */ (''),
/* preprocessor_version */ 'ST-DEVELOPER v20',
/* originating_system */ 'ONSHAPE BY PTC INC, 1.219',
/* authorisation */ '  ');

FILE_SCHEMA (('AP242_MANAGED_MODEL_BASED_3D_ENGINEERING_MIM_LF { 1 0 10303 442 3 1 4 }'));
ENDSEC;

DATA;
#10=SHAPE_REPRESENTATION_RELATIONSHIP('','',#2288,#19);
#11=SHAPE_REPRESENTATION_RELATIONSHIP('','',#2289,#20);
#12=SHAPE_REPRESENTATION_RELATIONSHIP('','',#2290,#21);
#13=SHAPE_REPRESENTATION_RELATIONSHIP('','',#2291,#22);
#14=SHAPE_REPRESENTATION_RELATIONSHIP('','',#2292,#23);
#15=SHAPE_REPRESENTATION_RELATIONSHIP('','',#2293,#24);
#16=SHAPE_REPRESENTATION_RELATIONSHIP('','',#2294,#25);
#17=SHAPE_REPRESENTATION_RELATIONSHIP('','',#2295,#26);
#18=SHAPE_REPRESENTATION_RELATIONSHIP('','',#2296,#27);
#19=ADVANCED_BREP_SHAPE_REPRESENTATION('',(#2270),#3778);
#20=ADVANCED_BREP_SHAPE_REPRESENTATION('',(#2271),#3779);
#21=ADVANCED_BREP_SHAPE_REPRESENTATION('',(#2272),#3780);
#22=ADVANCED_BREP_SHAPE_REPRESENTATION('',(#2273),#3781);
#23=ADVANCED_BREP_SHAPE_REPRESENTATION('',(#2274),#3782);
#24=ADVANCED_BREP_SHAPE_REPRESENTATION('',(#2275),#3783);
#25=ADVANCED_BREP_SHAPE_REPRESENTATION('',(#2276),#3784);
#26=ADVANCED_BREP_SHAPE_REPRESENTATION('',(#2277),#3785);
#27=ADVANCED_BREP_SHAPE_REPRESENTATION('',(#2278),#3786);
#28=CYLINDRICAL_SURFACE('',#2311,0.00015);
#29=CYLINDRICAL_SURFACE('',#2313,5.E-5);
#30=CYLINDRICAL_SURFACE('',#2316,0.0001);
#31=CYLINDRICAL_SURFACE('',#2318,0.0001);
#32=CYLINDRICAL_SURFACE('',#2334,0.00015);
#33=CYLINDRICAL_SURFACE('',#2336,5.E-5);
#34=CYLINDRICAL_SURFACE('',#2339,0.0001);
#35=CYLINDRICAL_SURFACE('',#2341,0.0001);
#36=CYLINDRICAL_SURFACE('',#2368,0.00015);
#37=CYLINDRICAL_SURFACE('',#2370,5.E-5);
#38=CYLINDRICAL_SURFACE('',#2373,0.0001);
#39=CYLINDRICAL_SURFACE('',#2375,0.0001);
#40=CYLINDRICAL_SURFACE('',#2391,0.00015);
#41=CYLINDRICAL_SURFACE('',#2393,5.E-5);
#42=CYLINDRICAL_SURFACE('',#2396,0.0001);
#43=CYLINDRICAL_SURFACE('',#2398,0.0001);
#44=CYLINDRICAL_SURFACE('',#2414,0.00015);
#45=CYLINDRICAL_SURFACE('',#2416,5.E-5);
#46=CYLINDRICAL_SURFACE('',#2419,0.0001);
#47=CYLINDRICAL_SURFACE('',#2421,0.0001);
#48=CYLINDRICAL_SURFACE('',#2437,0.00015);
#49=CYLINDRICAL_SURFACE('',#2439,5.E-5);
#50=CYLINDRICAL_SURFACE('',#2442,0.0001);
#51=CYLINDRICAL_SURFACE('',#2444,0.0001);
#52=CYLINDRICAL_SURFACE('',#2460,0.00015);
#53=CYLINDRICAL_SURFACE('',#2462,5.E-5);
#54=CYLINDRICAL_SURFACE('',#2465,0.0001);
#55=CYLINDRICAL_SURFACE('',#2467,0.0001);
#56=CYLINDRICAL_SURFACE('',#2483,0.00015);
#57=CYLINDRICAL_SURFACE('',#2485,5.E-5);
#58=CYLINDRICAL_SURFACE('',#2488,0.0001);
#59=CYLINDRICAL_SURFACE('',#2490,0.0001);
#60=CIRCLE('',#2300,0.00015);
#61=CIRCLE('',#2301,5.E-5);
#62=CIRCLE('',#2302,0.0001);
#63=CIRCLE('',#2303,0.0001);
#64=CIRCLE('',#2306,0.0001);
#65=CIRCLE('',#2307,0.0001);
#66=CIRCLE('',#2308,5.E-5);
#67=CIRCLE('',#2309,0.00015);
#68=CIRCLE('',#2323,0.0001);
#69=CIRCLE('',#2324,0.0001);
#70=CIRCLE('',#2325,5.E-5);
#71=CIRCLE('',#2326,0.00015);
#72=CIRCLE('',#2329,0.0001);
#73=CIRCLE('',#2330,0.00015);
#74=CIRCLE('',#2331,5.E-5);
#75=CIRCLE('',#2332,0.0001);
#76=CIRCLE('',#2357,0.00015);
#77=CIRCLE('',#2358,5.E-5);
#78=CIRCLE('',#2359,0.0001);
#79=CIRCLE('',#2360,0.0001);
#80=CIRCLE('',#2363,0.0001);
#81=CIRCLE('',#2364,0.0001);
#82=CIRCLE('',#2365,5.E-5);
#83=CIRCLE('',#2366,0.00015);
#84=CIRCLE('',#2380,0.00015);
#85=CIRCLE('',#2381,5.E-5);
#86=CIRCLE('',#2382,0.0001);
#87=CIRCLE('',#2383,0.0001);
#88=CIRCLE('',#2386,0.0001);
#89=CIRCLE('',#2387,0.0001);
#90=CIRCLE('',#2388,5.E-5);
#91=CIRCLE('',#2389,0.00015);
#92=CIRCLE('',#2403,0.0001);
#93=CIRCLE('',#2404,0.0001);
#94=CIRCLE('',#2405,5.E-5);
#95=CIRCLE('',#2406,0.00015);
#96=CIRCLE('',#2409,0.0001);
#97=CIRCLE('',#2410,0.00015);
#98=CIRCLE('',#2411,5.E-5);
#99=CIRCLE('',#2412,0.0001);
#100=CIRCLE('',#2426,0.00015);
#101=CIRCLE('',#2427,5.E-5);
#102=CIRCLE('',#2428,0.0001);
#103=CIRCLE('',#2429,0.0001);
#104=CIRCLE('',#2432,0.0001);
#105=CIRCLE('',#2433,0.0001);
#106=CIRCLE('',#2434,5.E-5);
#107=CIRCLE('',#2435,0.00015);
#108=CIRCLE('',#2449,0.0001);
#109=CIRCLE('',#2450,0.0001);
#110=CIRCLE('',#2451,5.E-5);
#111=CIRCLE('',#2452,0.00015);
#112=CIRCLE('',#2455,0.0001);
#113=CIRCLE('',#2456,0.00015);
#114=CIRCLE('',#2457,5.E-5);
#115=CIRCLE('',#2458,0.0001);
#116=CIRCLE('',#2472,0.0001);
#117=CIRCLE('',#2473,0.0001);
#118=CIRCLE('',#2474,5.E-5);
#119=CIRCLE('',#2475,0.00015);
#120=CIRCLE('',#2478,0.0001);
#121=CIRCLE('',#2479,0.00015);
#122=CIRCLE('',#2480,5.E-5);
#123=CIRCLE('',#2481,0.0001);
#124=ORIENTED_EDGE('',*,*,#740,.F.);
#125=ORIENTED_EDGE('',*,*,#741,.F.);
#126=ORIENTED_EDGE('',*,*,#742,.T.);
#127=ORIENTED_EDGE('',*,*,#743,.T.);
#128=ORIENTED_EDGE('',*,*,#744,.F.);
#129=ORIENTED_EDGE('',*,*,#745,.F.);
#130=ORIENTED_EDGE('',*,*,#746,.F.);
#131=ORIENTED_EDGE('',*,*,#747,.F.);
#132=ORIENTED_EDGE('',*,*,#748,.F.);
#133=ORIENTED_EDGE('',*,*,#742,.F.);
#134=ORIENTED_EDGE('',*,*,#749,.T.);
#135=ORIENTED_EDGE('',*,*,#750,.T.);
#136=ORIENTED_EDGE('',*,*,#751,.T.);
#137=ORIENTED_EDGE('',*,*,#752,.T.);
#138=ORIENTED_EDGE('',*,*,#753,.T.);
#139=ORIENTED_EDGE('',*,*,#754,.T.);
#140=ORIENTED_EDGE('',*,*,#754,.F.);
#141=ORIENTED_EDGE('',*,*,#755,.T.);
#142=ORIENTED_EDGE('',*,*,#756,.T.);
#143=ORIENTED_EDGE('',*,*,#757,.F.);
#144=ORIENTED_EDGE('',*,*,#758,.F.);
#145=ORIENTED_EDGE('',*,*,#759,.F.);
#146=ORIENTED_EDGE('',*,*,#760,.F.);
#147=ORIENTED_EDGE('',*,*,#761,.F.);
#148=ORIENTED_EDGE('',*,*,#740,.T.);
#149=ORIENTED_EDGE('',*,*,#762,.T.);
#150=ORIENTED_EDGE('',*,*,#763,.T.);
#151=ORIENTED_EDGE('',*,*,#764,.T.);
#152=ORIENTED_EDGE('',*,*,#765,.T.);
#153=ORIENTED_EDGE('',*,*,#766,.T.);
#154=ORIENTED_EDGE('',*,*,#756,.F.);
#155=ORIENTED_EDGE('',*,*,#767,.F.);
#156=ORIENTED_EDGE('',*,*,#766,.F.);
#157=ORIENTED_EDGE('',*,*,#768,.F.);
#158=ORIENTED_EDGE('',*,*,#744,.T.);
#159=ORIENTED_EDGE('',*,*,#757,.T.);
#160=ORIENTED_EDGE('',*,*,#765,.F.);
#161=ORIENTED_EDGE('',*,*,#769,.F.);
#162=ORIENTED_EDGE('',*,*,#745,.T.);
#163=ORIENTED_EDGE('',*,*,#768,.T.);
#164=ORIENTED_EDGE('',*,*,#764,.F.);
#165=ORIENTED_EDGE('',*,*,#770,.F.);
#166=ORIENTED_EDGE('',*,*,#746,.T.);
#167=ORIENTED_EDGE('',*,*,#769,.T.);
#168=ORIENTED_EDGE('',*,*,#763,.F.);
#169=ORIENTED_EDGE('',*,*,#771,.F.);
#170=ORIENTED_EDGE('',*,*,#747,.T.);
#171=ORIENTED_EDGE('',*,*,#770,.T.);
#172=ORIENTED_EDGE('',*,*,#762,.F.);
#173=ORIENTED_EDGE('',*,*,#743,.F.);
#174=ORIENTED_EDGE('',*,*,#748,.T.);
#175=ORIENTED_EDGE('',*,*,#771,.T.);
#176=ORIENTED_EDGE('',*,*,#767,.T.);
#177=ORIENTED_EDGE('',*,*,#755,.F.);
#178=ORIENTED_EDGE('',*,*,#753,.F.);
#179=ORIENTED_EDGE('',*,*,#772,.T.);
#180=ORIENTED_EDGE('',*,*,#758,.T.);
#181=ORIENTED_EDGE('',*,*,#772,.F.);
#182=ORIENTED_EDGE('',*,*,#752,.F.);
#183=ORIENTED_EDGE('',*,*,#773,.T.);
#184=ORIENTED_EDGE('',*,*,#759,.T.);
#185=ORIENTED_EDGE('',*,*,#773,.F.);
#186=ORIENTED_EDGE('',*,*,#751,.F.);
#187=ORIENTED_EDGE('',*,*,#774,.T.);
#188=ORIENTED_EDGE('',*,*,#760,.T.);
#189=ORIENTED_EDGE('',*,*,#774,.F.);
#190=ORIENTED_EDGE('',*,*,#750,.F.);
#191=ORIENTED_EDGE('',*,*,#775,.T.);
#192=ORIENTED_EDGE('',*,*,#761,.T.);
#193=ORIENTED_EDGE('',*,*,#775,.F.);
#194=ORIENTED_EDGE('',*,*,#749,.F.);
#195=ORIENTED_EDGE('',*,*,#741,.T.);
#196=ORIENTED_EDGE('',*,*,#776,.T.);
#197=ORIENTED_EDGE('',*,*,#777,.F.);
#198=ORIENTED_EDGE('',*,*,#778,.F.);
#199=ORIENTED_EDGE('',*,*,#779,.T.);
#200=ORIENTED_EDGE('',*,*,#780,.T.);
#201=ORIENTED_EDGE('',*,*,#781,.F.);
#202=ORIENTED_EDGE('',*,*,#782,.F.);
#203=ORIENTED_EDGE('',*,*,#783,.F.);
#204=ORIENTED_EDGE('',*,*,#784,.F.);
#205=ORIENTED_EDGE('',*,*,#785,.F.);
#206=ORIENTED_EDGE('',*,*,#786,.F.);
#207=ORIENTED_EDGE('',*,*,#778,.T.);
#208=ORIENTED_EDGE('',*,*,#787,.T.);
#209=ORIENTED_EDGE('',*,*,#788,.T.);
#210=ORIENTED_EDGE('',*,*,#789,.T.);
#211=ORIENTED_EDGE('',*,*,#790,.T.);
#212=ORIENTED_EDGE('',*,*,#781,.T.);
#213=ORIENTED_EDGE('',*,*,#791,.T.);
#214=ORIENTED_EDGE('',*,*,#792,.F.);
#215=ORIENTED_EDGE('',*,*,#793,.F.);
#216=ORIENTED_EDGE('',*,*,#794,.T.);
#217=ORIENTED_EDGE('',*,*,#795,.T.);
#218=ORIENTED_EDGE('',*,*,#792,.T.);
#219=ORIENTED_EDGE('',*,*,#796,.F.);
#220=ORIENTED_EDGE('',*,*,#797,.F.);
#221=ORIENTED_EDGE('',*,*,#798,.F.);
#222=ORIENTED_EDGE('',*,*,#799,.F.);
#223=ORIENTED_EDGE('',*,*,#800,.F.);
#224=ORIENTED_EDGE('',*,*,#776,.F.);
#225=ORIENTED_EDGE('',*,*,#801,.T.);
#226=ORIENTED_EDGE('',*,*,#802,.T.);
#227=ORIENTED_EDGE('',*,*,#803,.T.);
#228=ORIENTED_EDGE('',*,*,#796,.T.);
#229=ORIENTED_EDGE('',*,*,#791,.F.);
#230=ORIENTED_EDGE('',*,*,#780,.F.);
#231=ORIENTED_EDGE('',*,*,#804,.T.);
#232=ORIENTED_EDGE('',*,*,#797,.T.);
#233=ORIENTED_EDGE('',*,*,#804,.F.);
#234=ORIENTED_EDGE('',*,*,#790,.F.);
#235=ORIENTED_EDGE('',*,*,#805,.T.);
#236=ORIENTED_EDGE('',*,*,#798,.T.);
#237=ORIENTED_EDGE('',*,*,#805,.F.);
#238=ORIENTED_EDGE('',*,*,#789,.F.);
#239=ORIENTED_EDGE('',*,*,#806,.T.);
#240=ORIENTED_EDGE('',*,*,#799,.T.);
#241=ORIENTED_EDGE('',*,*,#806,.F.);
#242=ORIENTED_EDGE('',*,*,#788,.F.);
#243=ORIENTED_EDGE('',*,*,#807,.T.);
#244=ORIENTED_EDGE('',*,*,#800,.T.);
#245=ORIENTED_EDGE('',*,*,#807,.F.);
#246=ORIENTED_EDGE('',*,*,#787,.F.);
#247=ORIENTED_EDGE('',*,*,#777,.T.);
#248=ORIENTED_EDGE('',*,*,#795,.F.);
#249=ORIENTED_EDGE('',*,*,#808,.F.);
#250=ORIENTED_EDGE('',*,*,#782,.T.);
#251=ORIENTED_EDGE('',*,*,#793,.T.);
#252=ORIENTED_EDGE('',*,*,#794,.F.);
#253=ORIENTED_EDGE('',*,*,#809,.F.);
#254=ORIENTED_EDGE('',*,*,#783,.T.);
#255=ORIENTED_EDGE('',*,*,#808,.T.);
#256=ORIENTED_EDGE('',*,*,#803,.F.);
#257=ORIENTED_EDGE('',*,*,#810,.F.);
#258=ORIENTED_EDGE('',*,*,#784,.T.);
#259=ORIENTED_EDGE('',*,*,#809,.T.);
#260=ORIENTED_EDGE('',*,*,#802,.F.);
#261=ORIENTED_EDGE('',*,*,#811,.F.);
#262=ORIENTED_EDGE('',*,*,#785,.T.);
#263=ORIENTED_EDGE('',*,*,#810,.T.);
#264=ORIENTED_EDGE('',*,*,#801,.F.);
#265=ORIENTED_EDGE('',*,*,#779,.F.);
#266=ORIENTED_EDGE('',*,*,#786,.T.);
#267=ORIENTED_EDGE('',*,*,#811,.T.);
#268=ORIENTED_EDGE('',*,*,#812,.T.);
#269=ORIENTED_EDGE('',*,*,#813,.F.);
#270=ORIENTED_EDGE('',*,*,#814,.F.);
#271=ORIENTED_EDGE('',*,*,#815,.T.);
#272=ORIENTED_EDGE('',*,*,#816,.T.);
#273=ORIENTED_EDGE('',*,*,#817,.F.);
#274=ORIENTED_EDGE('',*,*,#818,.F.);
#275=ORIENTED_EDGE('',*,*,#813,.T.);
#276=ORIENTED_EDGE('',*,*,#819,.F.);
#277=ORIENTED_EDGE('',*,*,#820,.F.);
#278=ORIENTED_EDGE('',*,*,#821,.T.);
#279=ORIENTED_EDGE('',*,*,#817,.T.);
#280=ORIENTED_EDGE('',*,*,#822,.F.);
#281=ORIENTED_EDGE('',*,*,#815,.F.);
#282=ORIENTED_EDGE('',*,*,#823,.T.);
#283=ORIENTED_EDGE('',*,*,#820,.T.);
#284=ORIENTED_EDGE('',*,*,#812,.F.);
#285=ORIENTED_EDGE('',*,*,#822,.T.);
#286=ORIENTED_EDGE('',*,*,#819,.T.);
#287=ORIENTED_EDGE('',*,*,#816,.F.);
#288=ORIENTED_EDGE('',*,*,#824,.F.);
#289=ORIENTED_EDGE('',*,*,#825,.F.);
#290=ORIENTED_EDGE('',*,*,#814,.T.);
#291=ORIENTED_EDGE('',*,*,#826,.T.);
#292=ORIENTED_EDGE('',*,*,#827,.F.);
#293=ORIENTED_EDGE('',*,*,#826,.F.);
#294=ORIENTED_EDGE('',*,*,#818,.T.);
#295=ORIENTED_EDGE('',*,*,#828,.T.);
#296=ORIENTED_EDGE('',*,*,#829,.T.);
#297=ORIENTED_EDGE('',*,*,#828,.F.);
#298=ORIENTED_EDGE('',*,*,#821,.F.);
#299=ORIENTED_EDGE('',*,*,#830,.T.);
#300=ORIENTED_EDGE('',*,*,#831,.T.);
#301=ORIENTED_EDGE('',*,*,#830,.F.);
#302=ORIENTED_EDGE('',*,*,#823,.F.);
#303=ORIENTED_EDGE('',*,*,#825,.T.);
#304=ORIENTED_EDGE('',*,*,#824,.T.);
#305=ORIENTED_EDGE('',*,*,#827,.T.);
#306=ORIENTED_EDGE('',*,*,#829,.F.);
#307=ORIENTED_EDGE('',*,*,#831,.F.);
#308=ORIENTED_EDGE('',*,*,#832,.F.);
#309=ORIENTED_EDGE('',*,*,#833,.F.);
#310=ORIENTED_EDGE('',*,*,#834,.T.);
#311=ORIENTED_EDGE('',*,*,#835,.T.);
#312=ORIENTED_EDGE('',*,*,#836,.F.);
#313=ORIENTED_EDGE('',*,*,#837,.F.);
#314=ORIENTED_EDGE('',*,*,#838,.F.);
#315=ORIENTED_EDGE('',*,*,#839,.F.);
#316=ORIENTED_EDGE('',*,*,#840,.F.);
#317=ORIENTED_EDGE('',*,*,#834,.F.);
#318=ORIENTED_EDGE('',*,*,#841,.T.);
#319=ORIENTED_EDGE('',*,*,#842,.T.);
#320=ORIENTED_EDGE('',*,*,#843,.T.);
#321=ORIENTED_EDGE('',*,*,#844,.T.);
#322=ORIENTED_EDGE('',*,*,#845,.T.);
#323=ORIENTED_EDGE('',*,*,#846,.T.);
#324=ORIENTED_EDGE('',*,*,#846,.F.);
#325=ORIENTED_EDGE('',*,*,#847,.T.);
#326=ORIENTED_EDGE('',*,*,#848,.T.);
#327=ORIENTED_EDGE('',*,*,#849,.F.);
#328=ORIENTED_EDGE('',*,*,#850,.F.);
#329=ORIENTED_EDGE('',*,*,#851,.F.);
#330=ORIENTED_EDGE('',*,*,#852,.F.);
#331=ORIENTED_EDGE('',*,*,#853,.F.);
#332=ORIENTED_EDGE('',*,*,#832,.T.);
#333=ORIENTED_EDGE('',*,*,#854,.T.);
#334=ORIENTED_EDGE('',*,*,#855,.T.);
#335=ORIENTED_EDGE('',*,*,#856,.T.);
#336=ORIENTED_EDGE('',*,*,#857,.T.);
#337=ORIENTED_EDGE('',*,*,#858,.T.);
#338=ORIENTED_EDGE('',*,*,#848,.F.);
#339=ORIENTED_EDGE('',*,*,#859,.F.);
#340=ORIENTED_EDGE('',*,*,#858,.F.);
#341=ORIENTED_EDGE('',*,*,#860,.F.);
#342=ORIENTED_EDGE('',*,*,#836,.T.);
#343=ORIENTED_EDGE('',*,*,#849,.T.);
#344=ORIENTED_EDGE('',*,*,#857,.F.);
#345=ORIENTED_EDGE('',*,*,#861,.F.);
#346=ORIENTED_EDGE('',*,*,#837,.T.);
#347=ORIENTED_EDGE('',*,*,#860,.T.);
#348=ORIENTED_EDGE('',*,*,#856,.F.);
#349=ORIENTED_EDGE('',*,*,#862,.F.);
#350=ORIENTED_EDGE('',*,*,#838,.T.);
#351=ORIENTED_EDGE('',*,*,#861,.T.);
#352=ORIENTED_EDGE('',*,*,#855,.F.);
#353=ORIENTED_EDGE('',*,*,#863,.F.);
#354=ORIENTED_EDGE('',*,*,#839,.T.);
#355=ORIENTED_EDGE('',*,*,#862,.T.);
#356=ORIENTED_EDGE('',*,*,#854,.F.);
#357=ORIENTED_EDGE('',*,*,#835,.F.);
#358=ORIENTED_EDGE('',*,*,#840,.T.);
#359=ORIENTED_EDGE('',*,*,#863,.T.);
#360=ORIENTED_EDGE('',*,*,#859,.T.);
#361=ORIENTED_EDGE('',*,*,#847,.F.);
#362=ORIENTED_EDGE('',*,*,#845,.F.);
#363=ORIENTED_EDGE('',*,*,#864,.T.);
#364=ORIENTED_EDGE('',*,*,#850,.T.);
#365=ORIENTED_EDGE('',*,*,#864,.F.);
#366=ORIENTED_EDGE('',*,*,#844,.F.);
#367=ORIENTED_EDGE('',*,*,#865,.T.);
#368=ORIENTED_EDGE('',*,*,#851,.T.);
#369=ORIENTED_EDGE('',*,*,#865,.F.);
#370=ORIENTED_EDGE('',*,*,#843,.F.);
#371=ORIENTED_EDGE('',*,*,#866,.T.);
#372=ORIENTED_EDGE('',*,*,#852,.T.);
#373=ORIENTED_EDGE('',*,*,#866,.F.);
#374=ORIENTED_EDGE('',*,*,#842,.F.);
#375=ORIENTED_EDGE('',*,*,#867,.T.);
#376=ORIENTED_EDGE('',*,*,#853,.T.);
#377=ORIENTED_EDGE('',*,*,#867,.F.);
#378=ORIENTED_EDGE('',*,*,#841,.F.);
#379=ORIENTED_EDGE('',*,*,#833,.T.);
#380=ORIENTED_EDGE('',*,*,#868,.F.);
#381=ORIENTED_EDGE('',*,*,#869,.F.);
#382=ORIENTED_EDGE('',*,*,#870,.T.);
#383=ORIENTED_EDGE('',*,*,#871,.T.);
#384=ORIENTED_EDGE('',*,*,#872,.F.);
#385=ORIENTED_EDGE('',*,*,#873,.F.);
#386=ORIENTED_EDGE('',*,*,#874,.F.);
#387=ORIENTED_EDGE('',*,*,#875,.F.);
#388=ORIENTED_EDGE('',*,*,#876,.F.);
#389=ORIENTED_EDGE('',*,*,#870,.F.);
#390=ORIENTED_EDGE('',*,*,#877,.T.);
#391=ORIENTED_EDGE('',*,*,#878,.T.);
#392=ORIENTED_EDGE('',*,*,#879,.T.);
#393=ORIENTED_EDGE('',*,*,#880,.T.);
#394=ORIENTED_EDGE('',*,*,#881,.T.);
#395=ORIENTED_EDGE('',*,*,#882,.T.);
#396=ORIENTED_EDGE('',*,*,#882,.F.);
#397=ORIENTED_EDGE('',*,*,#883,.T.);
#398=ORIENTED_EDGE('',*,*,#884,.T.);
#399=ORIENTED_EDGE('',*,*,#885,.F.);
#400=ORIENTED_EDGE('',*,*,#886,.F.);
#401=ORIENTED_EDGE('',*,*,#887,.F.);
#402=ORIENTED_EDGE('',*,*,#888,.F.);
#403=ORIENTED_EDGE('',*,*,#889,.F.);
#404=ORIENTED_EDGE('',*,*,#868,.T.);
#405=ORIENTED_EDGE('',*,*,#890,.T.);
#406=ORIENTED_EDGE('',*,*,#891,.T.);
#407=ORIENTED_EDGE('',*,*,#892,.T.);
#408=ORIENTED_EDGE('',*,*,#893,.T.);
#409=ORIENTED_EDGE('',*,*,#894,.T.);
#410=ORIENTED_EDGE('',*,*,#884,.F.);
#411=ORIENTED_EDGE('',*,*,#895,.F.);
#412=ORIENTED_EDGE('',*,*,#894,.F.);
#413=ORIENTED_EDGE('',*,*,#896,.F.);
#414=ORIENTED_EDGE('',*,*,#872,.T.);
#415=ORIENTED_EDGE('',*,*,#885,.T.);
#416=ORIENTED_EDGE('',*,*,#893,.F.);
#417=ORIENTED_EDGE('',*,*,#897,.F.);
#418=ORIENTED_EDGE('',*,*,#873,.T.);
#419=ORIENTED_EDGE('',*,*,#896,.T.);
#420=ORIENTED_EDGE('',*,*,#892,.F.);
#421=ORIENTED_EDGE('',*,*,#898,.F.);
#422=ORIENTED_EDGE('',*,*,#874,.T.);
#423=ORIENTED_EDGE('',*,*,#897,.T.);
#424=ORIENTED_EDGE('',*,*,#891,.F.);
#425=ORIENTED_EDGE('',*,*,#899,.F.);
#426=ORIENTED_EDGE('',*,*,#875,.T.);
#427=ORIENTED_EDGE('',*,*,#898,.T.);
#428=ORIENTED_EDGE('',*,*,#890,.F.);
#429=ORIENTED_EDGE('',*,*,#871,.F.);
#430=ORIENTED_EDGE('',*,*,#876,.T.);
#431=ORIENTED_EDGE('',*,*,#899,.T.);
#432=ORIENTED_EDGE('',*,*,#895,.T.);
#433=ORIENTED_EDGE('',*,*,#883,.F.);
#434=ORIENTED_EDGE('',*,*,#881,.F.);
#435=ORIENTED_EDGE('',*,*,#900,.T.);
#436=ORIENTED_EDGE('',*,*,#886,.T.);
#437=ORIENTED_EDGE('',*,*,#900,.F.);
#438=ORIENTED_EDGE('',*,*,#880,.F.);
#439=ORIENTED_EDGE('',*,*,#901,.T.);
#440=ORIENTED_EDGE('',*,*,#887,.T.);
#441=ORIENTED_EDGE('',*,*,#901,.F.);
#442=ORIENTED_EDGE('',*,*,#879,.F.);
#443=ORIENTED_EDGE('',*,*,#902,.T.);
#444=ORIENTED_EDGE('',*,*,#888,.T.);
#445=ORIENTED_EDGE('',*,*,#902,.F.);
#446=ORIENTED_EDGE('',*,*,#878,.F.);
#447=ORIENTED_EDGE('',*,*,#903,.T.);
#448=ORIENTED_EDGE('',*,*,#889,.T.);
#449=ORIENTED_EDGE('',*,*,#903,.F.);
#450=ORIENTED_EDGE('',*,*,#877,.F.);
#451=ORIENTED_EDGE('',*,*,#869,.T.);
#452=ORIENTED_EDGE('',*,*,#904,.T.);
#453=ORIENTED_EDGE('',*,*,#905,.F.);
#454=ORIENTED_EDGE('',*,*,#906,.F.);
#455=ORIENTED_EDGE('',*,*,#907,.T.);
#456=ORIENTED_EDGE('',*,*,#908,.T.);
#457=ORIENTED_EDGE('',*,*,#909,.F.);
#458=ORIENTED_EDGE('',*,*,#910,.F.);
#459=ORIENTED_EDGE('',*,*,#911,.F.);
#460=ORIENTED_EDGE('',*,*,#912,.F.);
#461=ORIENTED_EDGE('',*,*,#913,.F.);
#462=ORIENTED_EDGE('',*,*,#914,.F.);
#463=ORIENTED_EDGE('',*,*,#906,.T.);
#464=ORIENTED_EDGE('',*,*,#915,.T.);
#465=ORIENTED_EDGE('',*,*,#916,.T.);
#466=ORIENTED_EDGE('',*,*,#917,.T.);
#467=ORIENTED_EDGE('',*,*,#918,.T.);
#468=ORIENTED_EDGE('',*,*,#909,.T.);
#469=ORIENTED_EDGE('',*,*,#919,.T.);
#470=ORIENTED_EDGE('',*,*,#920,.F.);
#471=ORIENTED_EDGE('',*,*,#921,.F.);
#472=ORIENTED_EDGE('',*,*,#922,.T.);
#473=ORIENTED_EDGE('',*,*,#923,.T.);
#474=ORIENTED_EDGE('',*,*,#920,.T.);
#475=ORIENTED_EDGE('',*,*,#924,.F.);
#476=ORIENTED_EDGE('',*,*,#925,.F.);
#477=ORIENTED_EDGE('',*,*,#926,.F.);
#478=ORIENTED_EDGE('',*,*,#927,.F.);
#479=ORIENTED_EDGE('',*,*,#928,.F.);
#480=ORIENTED_EDGE('',*,*,#904,.F.);
#481=ORIENTED_EDGE('',*,*,#929,.T.);
#482=ORIENTED_EDGE('',*,*,#930,.T.);
#483=ORIENTED_EDGE('',*,*,#931,.T.);
#484=ORIENTED_EDGE('',*,*,#924,.T.);
#485=ORIENTED_EDGE('',*,*,#919,.F.);
#486=ORIENTED_EDGE('',*,*,#908,.F.);
#487=ORIENTED_EDGE('',*,*,#932,.T.);
#488=ORIENTED_EDGE('',*,*,#925,.T.);
#489=ORIENTED_EDGE('',*,*,#932,.F.);
#490=ORIENTED_EDGE('',*,*,#918,.F.);
#491=ORIENTED_EDGE('',*,*,#933,.T.);
#492=ORIENTED_EDGE('',*,*,#926,.T.);
#493=ORIENTED_EDGE('',*,*,#933,.F.);
#494=ORIENTED_EDGE('',*,*,#917,.F.);
#495=ORIENTED_EDGE('',*,*,#934,.T.);
#496=ORIENTED_EDGE('',*,*,#927,.T.);
#497=ORIENTED_EDGE('',*,*,#934,.F.);
#498=ORIENTED_EDGE('',*,*,#916,.F.);
#499=ORIENTED_EDGE('',*,*,#935,.T.);
#500=ORIENTED_EDGE('',*,*,#928,.T.);
#501=ORIENTED_EDGE('',*,*,#935,.F.);
#502=ORIENTED_EDGE('',*,*,#915,.F.);
#503=ORIENTED_EDGE('',*,*,#905,.T.);
#504=ORIENTED_EDGE('',*,*,#923,.F.);
#505=ORIENTED_EDGE('',*,*,#936,.F.);
#506=ORIENTED_EDGE('',*,*,#910,.T.);
#507=ORIENTED_EDGE('',*,*,#921,.T.);
#508=ORIENTED_EDGE('',*,*,#922,.F.);
#509=ORIENTED_EDGE('',*,*,#937,.F.);
#510=ORIENTED_EDGE('',*,*,#911,.T.);
#511=ORIENTED_EDGE('',*,*,#936,.T.);
#512=ORIENTED_EDGE('',*,*,#931,.F.);
#513=ORIENTED_EDGE('',*,*,#938,.F.);
#514=ORIENTED_EDGE('',*,*,#912,.T.);
#515=ORIENTED_EDGE('',*,*,#937,.T.);
#516=ORIENTED_EDGE('',*,*,#930,.F.);
#517=ORIENTED_EDGE('',*,*,#939,.F.);
#518=ORIENTED_EDGE('',*,*,#913,.T.);
#519=ORIENTED_EDGE('',*,*,#938,.T.);
#520=ORIENTED_EDGE('',*,*,#929,.F.);
#521=ORIENTED_EDGE('',*,*,#907,.F.);
#522=ORIENTED_EDGE('',*,*,#914,.T.);
#523=ORIENTED_EDGE('',*,*,#939,.T.);
#524=ORIENTED_EDGE('',*,*,#940,.F.);
#525=ORIENTED_EDGE('',*,*,#941,.F.);
#526=ORIENTED_EDGE('',*,*,#942,.T.);
#527=ORIENTED_EDGE('',*,*,#943,.T.);
#528=ORIENTED_EDGE('',*,*,#944,.F.);
#529=ORIENTED_EDGE('',*,*,#945,.F.);
#530=ORIENTED_EDGE('',*,*,#946,.F.);
#531=ORIENTED_EDGE('',*,*,#947,.F.);
#532=ORIENTED_EDGE('',*,*,#948,.F.);
#533=ORIENTED_EDGE('',*,*,#942,.F.);
#534=ORIENTED_EDGE('',*,*,#949,.T.);
#535=ORIENTED_EDGE('',*,*,#950,.T.);
#536=ORIENTED_EDGE('',*,*,#951,.T.);
#537=ORIENTED_EDGE('',*,*,#952,.T.);
#538=ORIENTED_EDGE('',*,*,#953,.T.);
#539=ORIENTED_EDGE('',*,*,#954,.T.);
#540=ORIENTED_EDGE('',*,*,#954,.F.);
#541=ORIENTED_EDGE('',*,*,#955,.T.);
#542=ORIENTED_EDGE('',*,*,#956,.T.);
#543=ORIENTED_EDGE('',*,*,#957,.F.);
#544=ORIENTED_EDGE('',*,*,#958,.F.);
#545=ORIENTED_EDGE('',*,*,#959,.F.);
#546=ORIENTED_EDGE('',*,*,#960,.F.);
#547=ORIENTED_EDGE('',*,*,#961,.F.);
#548=ORIENTED_EDGE('',*,*,#940,.T.);
#549=ORIENTED_EDGE('',*,*,#962,.T.);
#550=ORIENTED_EDGE('',*,*,#963,.T.);
#551=ORIENTED_EDGE('',*,*,#964,.T.);
#552=ORIENTED_EDGE('',*,*,#965,.T.);
#553=ORIENTED_EDGE('',*,*,#966,.T.);
#554=ORIENTED_EDGE('',*,*,#956,.F.);
#555=ORIENTED_EDGE('',*,*,#967,.F.);
#556=ORIENTED_EDGE('',*,*,#966,.F.);
#557=ORIENTED_EDGE('',*,*,#968,.F.);
#558=ORIENTED_EDGE('',*,*,#944,.T.);
#559=ORIENTED_EDGE('',*,*,#957,.T.);
#560=ORIENTED_EDGE('',*,*,#965,.F.);
#561=ORIENTED_EDGE('',*,*,#969,.F.);
#562=ORIENTED_EDGE('',*,*,#945,.T.);
#563=ORIENTED_EDGE('',*,*,#968,.T.);
#564=ORIENTED_EDGE('',*,*,#964,.F.);
#565=ORIENTED_EDGE('',*,*,#970,.F.);
#566=ORIENTED_EDGE('',*,*,#946,.T.);
#567=ORIENTED_EDGE('',*,*,#969,.T.);
#568=ORIENTED_EDGE('',*,*,#963,.F.);
#569=ORIENTED_EDGE('',*,*,#971,.F.);
#570=ORIENTED_EDGE('',*,*,#947,.T.);
#571=ORIENTED_EDGE('',*,*,#970,.T.);
#572=ORIENTED_EDGE('',*,*,#962,.F.);
#573=ORIENTED_EDGE('',*,*,#943,.F.);
#574=ORIENTED_EDGE('',*,*,#948,.T.);
#575=ORIENTED_EDGE('',*,*,#971,.T.);
#576=ORIENTED_EDGE('',*,*,#967,.T.);
#577=ORIENTED_EDGE('',*,*,#955,.F.);
#578=ORIENTED_EDGE('',*,*,#953,.F.);
#579=ORIENTED_EDGE('',*,*,#972,.T.);
#580=ORIENTED_EDGE('',*,*,#958,.T.);
#581=ORIENTED_EDGE('',*,*,#972,.F.);
#582=ORIENTED_EDGE('',*,*,#952,.F.);
#583=ORIENTED_EDGE('',*,*,#973,.T.);
#584=ORIENTED_EDGE('',*,*,#959,.T.);
#585=ORIENTED_EDGE('',*,*,#973,.F.);
#586=ORIENTED_EDGE('',*,*,#951,.F.);
#587=ORIENTED_EDGE('',*,*,#974,.T.);
#588=ORIENTED_EDGE('',*,*,#960,.T.);
#589=ORIENTED_EDGE('',*,*,#974,.F.);
#590=ORIENTED_EDGE('',*,*,#950,.F.);
#591=ORIENTED_EDGE('',*,*,#975,.T.);
#592=ORIENTED_EDGE('',*,*,#961,.T.);
#593=ORIENTED_EDGE('',*,*,#975,.F.);
#594=ORIENTED_EDGE('',*,*,#949,.F.);
#595=ORIENTED_EDGE('',*,*,#941,.T.);
#596=ORIENTED_EDGE('',*,*,#976,.T.);
#597=ORIENTED_EDGE('',*,*,#977,.F.);
#598=ORIENTED_EDGE('',*,*,#978,.F.);
#599=ORIENTED_EDGE('',*,*,#979,.T.);
#600=ORIENTED_EDGE('',*,*,#980,.T.);
#601=ORIENTED_EDGE('',*,*,#981,.F.);
#602=ORIENTED_EDGE('',*,*,#982,.F.);
#603=ORIENTED_EDGE('',*,*,#983,.F.);
#604=ORIENTED_EDGE('',*,*,#984,.F.);
#605=ORIENTED_EDGE('',*,*,#985,.F.);
#606=ORIENTED_EDGE('',*,*,#986,.F.);
#607=ORIENTED_EDGE('',*,*,#978,.T.);
#608=ORIENTED_EDGE('',*,*,#987,.T.);
#609=ORIENTED_EDGE('',*,*,#988,.T.);
#610=ORIENTED_EDGE('',*,*,#989,.T.);
#611=ORIENTED_EDGE('',*,*,#990,.T.);
#612=ORIENTED_EDGE('',*,*,#981,.T.);
#613=ORIENTED_EDGE('',*,*,#991,.T.);
#614=ORIENTED_EDGE('',*,*,#992,.F.);
#615=ORIENTED_EDGE('',*,*,#993,.F.);
#616=ORIENTED_EDGE('',*,*,#994,.T.);
#617=ORIENTED_EDGE('',*,*,#995,.T.);
#618=ORIENTED_EDGE('',*,*,#992,.T.);
#619=ORIENTED_EDGE('',*,*,#996,.F.);
#620=ORIENTED_EDGE('',*,*,#997,.F.);
#621=ORIENTED_EDGE('',*,*,#998,.F.);
#622=ORIENTED_EDGE('',*,*,#999,.F.);
#623=ORIENTED_EDGE('',*,*,#1000,.F.);
#624=ORIENTED_EDGE('',*,*,#976,.F.);
#625=ORIENTED_EDGE('',*,*,#1001,.T.);
#626=ORIENTED_EDGE('',*,*,#1002,.T.);
#627=ORIENTED_EDGE('',*,*,#1003,.T.);
#628=ORIENTED_EDGE('',*,*,#996,.T.);
#629=ORIENTED_EDGE('',*,*,#991,.F.);
#630=ORIENTED_EDGE('',*,*,#980,.F.);
#631=ORIENTED_EDGE('',*,*,#1004,.T.);
#632=ORIENTED_EDGE('',*,*,#997,.T.);
#633=ORIENTED_EDGE('',*,*,#1004,.F.);
#634=ORIENTED_EDGE('',*,*,#990,.F.);
#635=ORIENTED_EDGE('',*,*,#1005,.T.);
#636=ORIENTED_EDGE('',*,*,#998,.T.);
#637=ORIENTED_EDGE('',*,*,#1005,.F.);
#638=ORIENTED_EDGE('',*,*,#989,.F.);
#639=ORIENTED_EDGE('',*,*,#1006,.T.);
#640=ORIENTED_EDGE('',*,*,#999,.T.);
#641=ORIENTED_EDGE('',*,*,#1006,.F.);
#642=ORIENTED_EDGE('',*,*,#988,.F.);
#643=ORIENTED_EDGE('',*,*,#1007,.T.);
#644=ORIENTED_EDGE('',*,*,#1000,.T.);
#645=ORIENTED_EDGE('',*,*,#1007,.F.);
#646=ORIENTED_EDGE('',*,*,#987,.F.);
#647=ORIENTED_EDGE('',*,*,#977,.T.);
#648=ORIENTED_EDGE('',*,*,#995,.F.);
#649=ORIENTED_EDGE('',*,*,#1008,.F.);
#650=ORIENTED_EDGE('',*,*,#982,.T.);
#651=ORIENTED_EDGE('',*,*,#993,.T.);
#652=ORIENTED_EDGE('',*,*,#994,.F.);
#653=ORIENTED_EDGE('',*,*,#1009,.F.);
#654=ORIENTED_EDGE('',*,*,#983,.T.);
#655=ORIENTED_EDGE('',*,*,#1008,.T.);
#656=ORIENTED_EDGE('',*,*,#1003,.F.);
#657=ORIENTED_EDGE('',*,*,#1010,.F.);
#658=ORIENTED_EDGE('',*,*,#984,.T.);
#659=ORIENTED_EDGE('',*,*,#1009,.T.);
#660=ORIENTED_EDGE('',*,*,#1002,.F.);
#661=ORIENTED_EDGE('',*,*,#1011,.F.);
#662=ORIENTED_EDGE('',*,*,#985,.T.);
#663=ORIENTED_EDGE('',*,*,#1010,.T.);
#664=ORIENTED_EDGE('',*,*,#1001,.F.);
#665=ORIENTED_EDGE('',*,*,#979,.F.);
#666=ORIENTED_EDGE('',*,*,#986,.T.);
#667=ORIENTED_EDGE('',*,*,#1011,.T.);
#668=ORIENTED_EDGE('',*,*,#1012,.T.);
#669=ORIENTED_EDGE('',*,*,#1013,.F.);
#670=ORIENTED_EDGE('',*,*,#1014,.F.);
#671=ORIENTED_EDGE('',*,*,#1015,.T.);
#672=ORIENTED_EDGE('',*,*,#1016,.T.);
#673=ORIENTED_EDGE('',*,*,#1017,.F.);
#674=ORIENTED_EDGE('',*,*,#1018,.F.);
#675=ORIENTED_EDGE('',*,*,#1019,.F.);
#676=ORIENTED_EDGE('',*,*,#1020,.F.);
#677=ORIENTED_EDGE('',*,*,#1021,.F.);
#678=ORIENTED_EDGE('',*,*,#1022,.F.);
#679=ORIENTED_EDGE('',*,*,#1014,.T.);
#680=ORIENTED_EDGE('',*,*,#1023,.T.);
#681=ORIENTED_EDGE('',*,*,#1024,.T.);
#682=ORIENTED_EDGE('',*,*,#1025,.T.);
#683=ORIENTED_EDGE('',*,*,#1026,.T.);
#684=ORIENTED_EDGE('',*,*,#1017,.T.);
#685=ORIENTED_EDGE('',*,*,#1027,.T.);
#686=ORIENTED_EDGE('',*,*,#1028,.F.);
#687=ORIENTED_EDGE('',*,*,#1029,.F.);
#688=ORIENTED_EDGE('',*,*,#1030,.T.);
#689=ORIENTED_EDGE('',*,*,#1031,.T.);
#690=ORIENTED_EDGE('',*,*,#1028,.T.);
#691=ORIENTED_EDGE('',*,*,#1032,.F.);
#692=ORIENTED_EDGE('',*,*,#1033,.F.);
#693=ORIENTED_EDGE('',*,*,#1034,.F.);
#694=ORIENTED_EDGE('',*,*,#1035,.F.);
#695=ORIENTED_EDGE('',*,*,#1036,.F.);
#696=ORIENTED_EDGE('',*,*,#1012,.F.);
#697=ORIENTED_EDGE('',*,*,#1037,.T.);
#698=ORIENTED_EDGE('',*,*,#1038,.T.);
#699=ORIENTED_EDGE('',*,*,#1039,.T.);
#700=ORIENTED_EDGE('',*,*,#1032,.T.);
#701=ORIENTED_EDGE('',*,*,#1027,.F.);
#702=ORIENTED_EDGE('',*,*,#1016,.F.);
#703=ORIENTED_EDGE('',*,*,#1040,.T.);
#704=ORIENTED_EDGE('',*,*,#1033,.T.);
#705=ORIENTED_EDGE('',*,*,#1040,.F.);
#706=ORIENTED_EDGE('',*,*,#1026,.F.);
#707=ORIENTED_EDGE('',*,*,#1041,.T.);
#708=ORIENTED_EDGE('',*,*,#1034,.T.);
#709=ORIENTED_EDGE('',*,*,#1041,.F.);
#710=ORIENTED_EDGE('',*,*,#1025,.F.);
#711=ORIENTED_EDGE('',*,*,#1042,.T.);
#712=ORIENTED_EDGE('',*,*,#1035,.T.);
#713=ORIENTED_EDGE('',*,*,#1042,.F.);
#714=ORIENTED_EDGE('',*,*,#1024,.F.);
#715=ORIENTED_EDGE('',*,*,#1043,.T.);
#716=ORIENTED_EDGE('',*,*,#1036,.T.);
#717=ORIENTED_EDGE('',*,*,#1043,.F.);
#718=ORIENTED_EDGE('',*,*,#1023,.F.);
#719=ORIENTED_EDGE('',*,*,#1013,.T.);
#720=ORIENTED_EDGE('',*,*,#1031,.F.);
#721=ORIENTED_EDGE('',*,*,#1044,.F.);
#722=ORIENTED_EDGE('',*,*,#1018,.T.);
#723=ORIENTED_EDGE('',*,*,#1029,.T.);
#724=ORIENTED_EDGE('',*,*,#1030,.F.);
#725=ORIENTED_EDGE('',*,*,#1045,.F.);
#726=ORIENTED_EDGE('',*,*,#1019,.T.);
#727=ORIENTED_EDGE('',*,*,#1044,.T.);
#728=ORIENTED_EDGE('',*,*,#1039,.F.);
#729=ORIENTED_EDGE('',*,*,#1046,.F.);
#730=ORIENTED_EDGE('',*,*,#1020,.T.);
#731=ORIENTED_EDGE('',*,*,#1045,.T.);
#732=ORIENTED_EDGE('',*,*,#1038,.F.);
#733=ORIENTED_EDGE('',*,*,#1047,.F.);
#734=ORIENTED_EDGE('',*,*,#1021,.T.);
#735=ORIENTED_EDGE('',*,*,#1046,.T.);
#736=ORIENTED_EDGE('',*,*,#1037,.F.);
#737=ORIENTED_EDGE('',*,*,#1015,.F.);
#738=ORIENTED_EDGE('',*,*,#1022,.T.);
#739=ORIENTED_EDGE('',*,*,#1047,.T.);
#740=EDGE_CURVE('',#1048,#1049,#1252,.T.);
#741=EDGE_CURVE('',#1050,#1048,#1253,.T.);
#742=EDGE_CURVE('',#1050,#1051,#1254,.T.);
#743=EDGE_CURVE('',#1051,#1049,#1255,.F.);
#744=EDGE_CURVE('',#1052,#1053,#1256,.F.);
#745=EDGE_CURVE('',#1054,#1052,#60,.T.);
#746=EDGE_CURVE('',#1055,#1054,#1257,.F.);
#747=EDGE_CURVE('',#1056,#1055,#61,.F.);
#748=EDGE_CURVE('',#1051,#1056,#1258,.F.);
#749=EDGE_CURVE('',#1050,#1057,#1259,.F.);
#750=EDGE_CURVE('',#1057,#1058,#62,.F.);
#751=EDGE_CURVE('',#1058,#1059,#1260,.T.);
#752=EDGE_CURVE('',#1059,#1060,#63,.T.);
#753=EDGE_CURVE('',#1060,#1061,#1261,.T.);
#754=EDGE_CURVE('',#1061,#1053,#1262,.T.);
#755=EDGE_CURVE('',#1061,#1062,#1263,.T.);
#756=EDGE_CURVE('',#1062,#1063,#1264,.T.);
#757=EDGE_CURVE('',#1053,#1063,#1265,.F.);
#758=EDGE_CURVE('',#1064,#1065,#64,.T.);
#759=EDGE_CURVE('',#1066,#1064,#1266,.T.);
#760=EDGE_CURVE('',#1067,#1066,#65,.F.);
#761=EDGE_CURVE('',#1048,#1067,#1267,.F.);
#762=EDGE_CURVE('',#1049,#1068,#1268,.F.);
#763=EDGE_CURVE('',#1068,#1069,#66,.F.);
#764=EDGE_CURVE('',#1069,#1070,#1269,.F.);
#765=EDGE_CURVE('',#1070,#1071,#67,.T.);
#766=EDGE_CURVE('',#1071,#1063,#1270,.F.);
#767=EDGE_CURVE('',#1065,#1062,#1271,.T.);
#768=EDGE_CURVE('',#1052,#1071,#1272,.T.);
#769=EDGE_CURVE('',#1054,#1070,#1273,.F.);
#770=EDGE_CURVE('',#1055,#1069,#1274,.T.);
#771=EDGE_CURVE('',#1056,#1068,#1275,.F.);
#772=EDGE_CURVE('',#1060,#1065,#1276,.T.);
#773=EDGE_CURVE('',#1059,#1064,#1277,.T.);
#774=EDGE_CURVE('',#1058,#1066,#1278,.T.);
#775=EDGE_CURVE('',#1057,#1067,#1279,.T.);
#776=EDGE_CURVE('',#1072,#1073,#1280,.T.);
#777=EDGE_CURVE('',#1074,#1073,#1281,.F.);
#778=EDGE_CURVE('',#1075,#1074,#1282,.T.);
#779=EDGE_CURVE('',#1075,#1072,#1283,.T.);
#780=EDGE_CURVE('',#1076,#1077,#1284,.F.);
#781=EDGE_CURVE('',#1078,#1077,#1285,.T.);
#782=EDGE_CURVE('',#1079,#1078,#1286,.T.);
#783=EDGE_CURVE('',#1080,#1079,#68,.T.);
#784=EDGE_CURVE('',#1081,#1080,#1287,.T.);
#785=EDGE_CURVE('',#1082,#1081,#69,.F.);
#786=EDGE_CURVE('',#1075,#1082,#1288,.F.);
#787=EDGE_CURVE('',#1074,#1083,#1289,.F.);
#788=EDGE_CURVE('',#1083,#1084,#70,.F.);
#789=EDGE_CURVE('',#1084,#1085,#1290,.F.);
#790=EDGE_CURVE('',#1085,#1076,#71,.T.);
#791=EDGE_CURVE('',#1077,#1086,#1291,.F.);
#792=EDGE_CURVE('',#1087,#1086,#1292,.T.);
#793=EDGE_CURVE('',#1078,#1087,#1293,.T.);
#794=EDGE_CURVE('',#1088,#1089,#72,.T.);
#795=EDGE_CURVE('',#1089,#1087,#1294,.T.);
#796=EDGE_CURVE('',#1090,#1086,#1295,.F.);
#797=EDGE_CURVE('',#1091,#1090,#73,.T.);
#798=EDGE_CURVE('',#1092,#1091,#1296,.F.);
#799=EDGE_CURVE('',#1093,#1092,#74,.F.);
#800=EDGE_CURVE('',#1073,#1093,#1297,.F.);
#801=EDGE_CURVE('',#1072,#1094,#1298,.F.);
#802=EDGE_CURVE('',#1094,#1095,#75,.F.);
#803=EDGE_CURVE('',#1095,#1088,#1299,.T.);
#804=EDGE_CURVE('',#1076,#1090,#1300,.T.);
#805=EDGE_CURVE('',#1085,#1091,#1301,.F.);
#806=EDGE_CURVE('',#1084,#1092,#1302,.T.);
#807=EDGE_CURVE('',#1083,#1093,#1303,.F.);
#808=EDGE_CURVE('',#1079,#1089,#1304,.T.);
#809=EDGE_CURVE('',#1080,#1088,#1305,.T.);
#810=EDGE_CURVE('',#1081,#1095,#1306,.T.);
#811=EDGE_CURVE('',#1082,#1094,#1307,.T.);
#812=EDGE_CURVE('',#1096,#1097,#1308,.F.);
#813=EDGE_CURVE('',#1098,#1097,#1309,.T.);
#814=EDGE_CURVE('',#1099,#1098,#1310,.F.);
#815=EDGE_CURVE('',#1099,#1096,#1311,.F.);
#816=EDGE_CURVE('',#1097,#1100,#1312,.F.);
#817=EDGE_CURVE('',#1101,#1100,#1313,.F.);
#818=EDGE_CURVE('',#1098,#1101,#1314,.F.);
#819=EDGE_CURVE('',#1102,#1100,#1315,.T.);
#820=EDGE_CURVE('',#1103,#1102,#1316,.T.);
#821=EDGE_CURVE('',#1103,#1101,#1317,.T.);
#822=EDGE_CURVE('',#1096,#1102,#1318,.T.);
#823=EDGE_CURVE('',#1099,#1103,#1319,.T.);
#824=EDGE_CURVE('',#1104,#1105,#1320,.F.);
#825=EDGE_CURVE('',#1099,#1104,#1321,.F.);
#826=EDGE_CURVE('',#1098,#1105,#1322,.T.);
#827=EDGE_CURVE('',#1105,#1106,#1323,.F.);
#828=EDGE_CURVE('',#1101,#1106,#1324,.F.);
#829=EDGE_CURVE('',#1107,#1106,#1325,.T.);
#830=EDGE_CURVE('',#1103,#1107,#1326,.T.);
#831=EDGE_CURVE('',#1104,#1107,#1327,.T.);
#832=EDGE_CURVE('',#1108,#1109,#1328,.T.);
#833=EDGE_CURVE('',#1110,#1108,#1329,.T.);
#834=EDGE_CURVE('',#1110,#1111,#1330,.T.);
#835=EDGE_CURVE('',#1111,#1109,#1331,.F.);
#836=EDGE_CURVE('',#1112,#1113,#1332,.F.);
#837=EDGE_CURVE('',#1114,#1112,#76,.T.);
#838=EDGE_CURVE('',#1115,#1114,#1333,.F.);
#839=EDGE_CURVE('',#1116,#1115,#77,.F.);
#840=EDGE_CURVE('',#1111,#1116,#1334,.F.);
#841=EDGE_CURVE('',#1110,#1117,#1335,.F.);
#842=EDGE_CURVE('',#1117,#1118,#78,.F.);
#843=EDGE_CURVE('',#1118,#1119,#1336,.T.);
#844=EDGE_CURVE('',#1119,#1120,#79,.T.);
#845=EDGE_CURVE('',#1120,#1121,#1337,.T.);
#846=EDGE_CURVE('',#1121,#1113,#1338,.T.);
#847=EDGE_CURVE('',#1121,#1122,#1339,.T.);
#848=EDGE_CURVE('',#1122,#1123,#1340,.T.);
#849=EDGE_CURVE('',#1113,#1123,#1341,.F.);
#850=EDGE_CURVE('',#1124,#1125,#80,.T.);
#851=EDGE_CURVE('',#1126,#1124,#1342,.T.);
#852=EDGE_CURVE('',#1127,#1126,#81,.F.);
#853=EDGE_CURVE('',#1108,#1127,#1343,.F.);
#854=EDGE_CURVE('',#1109,#1128,#1344,.F.);
#855=EDGE_CURVE('',#1128,#1129,#82,.F.);
#856=EDGE_CURVE('',#1129,#1130,#1345,.F.);
#857=EDGE_CURVE('',#1130,#1131,#83,.T.);
#858=EDGE_CURVE('',#1131,#1123,#1346,.F.);
#859=EDGE_CURVE('',#1125,#1122,#1347,.T.);
#860=EDGE_CURVE('',#1112,#1131,#1348,.T.);
#861=EDGE_CURVE('',#1114,#1130,#1349,.F.);
#862=EDGE_CURVE('',#1115,#1129,#1350,.T.);
#863=EDGE_CURVE('',#1116,#1128,#1351,.F.);
#864=EDGE_CURVE('',#1120,#1125,#1352,.T.);
#865=EDGE_CURVE('',#1119,#1124,#1353,.T.);
#866=EDGE_CURVE('',#1118,#1126,#1354,.T.);
#867=EDGE_CURVE('',#1117,#1127,#1355,.T.);
#868=EDGE_CURVE('',#1132,#1133,#1356,.T.);
#869=EDGE_CURVE('',#1134,#1132,#1357,.T.);
#870=EDGE_CURVE('',#1134,#1135,#1358,.T.);
#871=EDGE_CURVE('',#1135,#1133,#1359,.F.);
#872=EDGE_CURVE('',#1136,#1137,#1360,.F.);
#873=EDGE_CURVE('',#1138,#1136,#84,.T.);
#874=EDGE_CURVE('',#1139,#1138,#1361,.F.);
#875=EDGE_CURVE('',#1140,#1139,#85,.F.);
#876=EDGE_CURVE('',#1135,#1140,#1362,.F.);
#877=EDGE_CURVE('',#1134,#1141,#1363,.F.);
#878=EDGE_CURVE('',#1141,#1142,#86,.F.);
#879=EDGE_CURVE('',#1142,#1143,#1364,.T.);
#880=EDGE_CURVE('',#1143,#1144,#87,.T.);
#881=EDGE_CURVE('',#1144,#1145,#1365,.T.);
#882=EDGE_CURVE('',#1145,#1137,#1366,.T.);
#883=EDGE_CURVE('',#1145,#1146,#1367,.T.);
#884=EDGE_CURVE('',#1146,#1147,#1368,.T.);
#885=EDGE_CURVE('',#1137,#1147,#1369,.F.);
#886=EDGE_CURVE('',#1148,#1149,#88,.T.);
#887=EDGE_CURVE('',#1150,#1148,#1370,.T.);
#888=EDGE_CURVE('',#1151,#1150,#89,.F.);
#889=EDGE_CURVE('',#1132,#1151,#1371,.F.);
#890=EDGE_CURVE('',#1133,#1152,#1372,.F.);
#891=EDGE_CURVE('',#1152,#1153,#90,.F.);
#892=EDGE_CURVE('',#1153,#1154,#1373,.F.);
#893=EDGE_CURVE('',#1154,#1155,#91,.T.);
#894=EDGE_CURVE('',#1155,#1147,#1374,.F.);
#895=EDGE_CURVE('',#1149,#1146,#1375,.T.);
#896=EDGE_CURVE('',#1136,#1155,#1376,.T.);
#897=EDGE_CURVE('',#1138,#1154,#1377,.F.);
#898=EDGE_CURVE('',#1139,#1153,#1378,.T.);
#899=EDGE_CURVE('',#1140,#1152,#1379,.F.);
#900=EDGE_CURVE('',#1144,#1149,#1380,.T.);
#901=EDGE_CURVE('',#1143,#1148,#1381,.T.);
#902=EDGE_CURVE('',#1142,#1150,#1382,.T.);
#903=EDGE_CURVE('',#1141,#1151,#1383,.T.);
#904=EDGE_CURVE('',#1156,#1157,#1384,.T.);
#905=EDGE_CURVE('',#1158,#1157,#1385,.F.);
#906=EDGE_CURVE('',#1159,#1158,#1386,.T.);
#907=EDGE_CURVE('',#1159,#1156,#1387,.T.);
#908=EDGE_CURVE('',#1160,#1161,#1388,.F.);
#909=EDGE_CURVE('',#1162,#1161,#1389,.T.);
#910=EDGE_CURVE('',#1163,#1162,#1390,.T.);
#911=EDGE_CURVE('',#1164,#1163,#92,.T.);
#912=EDGE_CURVE('',#1165,#1164,#1391,.T.);
#913=EDGE_CURVE('',#1166,#1165,#93,.F.);
#914=EDGE_CURVE('',#1159,#1166,#1392,.F.);
#915=EDGE_CURVE('',#1158,#1167,#1393,.F.);
#916=EDGE_CURVE('',#1167,#1168,#94,.F.);
#917=EDGE_CURVE('',#1168,#1169,#1394,.F.);
#918=EDGE_CURVE('',#1169,#1160,#95,.T.);
#919=EDGE_CURVE('',#1161,#1170,#1395,.F.);
#920=EDGE_CURVE('',#1171,#1170,#1396,.T.);
#921=EDGE_CURVE('',#1162,#1171,#1397,.T.);
#922=EDGE_CURVE('',#1172,#1173,#96,.T.);
#923=EDGE_CURVE('',#1173,#1171,#1398,.T.);
#924=EDGE_CURVE('',#1174,#1170,#1399,.F.);
#925=EDGE_CURVE('',#1175,#1174,#97,.T.);
#926=EDGE_CURVE('',#1176,#1175,#1400,.F.);
#927=EDGE_CURVE('',#1177,#1176,#98,.F.);
#928=EDGE_CURVE('',#1157,#1177,#1401,.F.);
#929=EDGE_CURVE('',#1156,#1178,#1402,.F.);
#930=EDGE_CURVE('',#1178,#1179,#99,.F.);
#931=EDGE_CURVE('',#1179,#1172,#1403,.T.);
#932=EDGE_CURVE('',#1160,#1174,#1404,.T.);
#933=EDGE_CURVE('',#1169,#1175,#1405,.F.);
#934=EDGE_CURVE('',#1168,#1176,#1406,.T.);
#935=EDGE_CURVE('',#1167,#1177,#1407,.F.);
#936=EDGE_CURVE('',#1163,#1173,#1408,.T.);
#937=EDGE_CURVE('',#1164,#1172,#1409,.T.);
#938=EDGE_CURVE('',#1165,#1179,#1410,.T.);
#939=EDGE_CURVE('',#1166,#1178,#1411,.T.);
#940=EDGE_CURVE('',#1180,#1181,#1412,.T.);
#941=EDGE_CURVE('',#1182,#1180,#1413,.T.);
#942=EDGE_CURVE('',#1182,#1183,#1414,.T.);
#943=EDGE_CURVE('',#1183,#1181,#1415,.F.);
#944=EDGE_CURVE('',#1184,#1185,#1416,.F.);
#945=EDGE_CURVE('',#1186,#1184,#100,.T.);
#946=EDGE_CURVE('',#1187,#1186,#1417,.F.);
#947=EDGE_CURVE('',#1188,#1187,#101,.F.);
#948=EDGE_CURVE('',#1183,#1188,#1418,.F.);
#949=EDGE_CURVE('',#1182,#1189,#1419,.F.);
#950=EDGE_CURVE('',#1189,#1190,#102,.F.);
#951=EDGE_CURVE('',#1190,#1191,#1420,.T.);
#952=EDGE_CURVE('',#1191,#1192,#103,.T.);
#953=EDGE_CURVE('',#1192,#1193,#1421,.T.);
#954=EDGE_CURVE('',#1193,#1185,#1422,.T.);
#955=EDGE_CURVE('',#1193,#1194,#1423,.T.);
#956=EDGE_CURVE('',#1194,#1195,#1424,.T.);
#957=EDGE_CURVE('',#1185,#1195,#1425,.F.);
#958=EDGE_CURVE('',#1196,#1197,#104,.T.);
#959=EDGE_CURVE('',#1198,#1196,#1426,.T.);
#960=EDGE_CURVE('',#1199,#1198,#105,.F.);
#961=EDGE_CURVE('',#1180,#1199,#1427,.F.);
#962=EDGE_CURVE('',#1181,#1200,#1428,.F.);
#963=EDGE_CURVE('',#1200,#1201,#106,.F.);
#964=EDGE_CURVE('',#1201,#1202,#1429,.F.);
#965=EDGE_CURVE('',#1202,#1203,#107,.T.);
#966=EDGE_CURVE('',#1203,#1195,#1430,.F.);
#967=EDGE_CURVE('',#1197,#1194,#1431,.T.);
#968=EDGE_CURVE('',#1184,#1203,#1432,.T.);
#969=EDGE_CURVE('',#1186,#1202,#1433,.F.);
#970=EDGE_CURVE('',#1187,#1201,#1434,.T.);
#971=EDGE_CURVE('',#1188,#1200,#1435,.F.);
#972=EDGE_CURVE('',#1192,#1197,#1436,.T.);
#973=EDGE_CURVE('',#1191,#1196,#1437,.T.);
#974=EDGE_CURVE('',#1190,#1198,#1438,.T.);
#975=EDGE_CURVE('',#1189,#1199,#1439,.T.);
#976=EDGE_CURVE('',#1204,#1205,#1440,.T.);
#977=EDGE_CURVE('',#1206,#1205,#1441,.F.);
#978=EDGE_CURVE('',#1207,#1206,#1442,.T.);
#979=EDGE_CURVE('',#1207,#1204,#1443,.T.);
#980=EDGE_CURVE('',#1208,#1209,#1444,.F.);
#981=EDGE_CURVE('',#1210,#1209,#1445,.T.);
#982=EDGE_CURVE('',#1211,#1210,#1446,.T.);
#983=EDGE_CURVE('',#1212,#1211,#108,.T.);
#984=EDGE_CURVE('',#1213,#1212,#1447,.T.);
#985=EDGE_CURVE('',#1214,#1213,#109,.F.);
#986=EDGE_CURVE('',#1207,#1214,#1448,.F.);
#987=EDGE_CURVE('',#1206,#1215,#1449,.F.);
#988=EDGE_CURVE('',#1215,#1216,#110,.F.);
#989=EDGE_CURVE('',#1216,#1217,#1450,.F.);
#990=EDGE_CURVE('',#1217,#1208,#111,.T.);
#991=EDGE_CURVE('',#1209,#1218,#1451,.F.);
#992=EDGE_CURVE('',#1219,#1218,#1452,.T.);
#993=EDGE_CURVE('',#1210,#1219,#1453,.T.);
#994=EDGE_CURVE('',#1220,#1221,#112,.T.);
#995=EDGE_CURVE('',#1221,#1219,#1454,.T.);
#996=EDGE_CURVE('',#1222,#1218,#1455,.F.);
#997=EDGE_CURVE('',#1223,#1222,#113,.T.);
#998=EDGE_CURVE('',#1224,#1223,#1456,.F.);
#999=EDGE_CURVE('',#1225,#1224,#114,.F.);
#1000=EDGE_CURVE('',#1205,#1225,#1457,.F.);
#1001=EDGE_CURVE('',#1204,#1226,#1458,.F.);
#1002=EDGE_CURVE('',#1226,#1227,#115,.F.);
#1003=EDGE_CURVE('',#1227,#1220,#1459,.T.);
#1004=EDGE_CURVE('',#1208,#1222,#1460,.T.);
#1005=EDGE_CURVE('',#1217,#1223,#1461,.F.);
#1006=EDGE_CURVE('',#1216,#1224,#1462,.T.);
#1007=EDGE_CURVE('',#1215,#1225,#1463,.F.);
#1008=EDGE_CURVE('',#1211,#1221,#1464,.T.);
#1009=EDGE_CURVE('',#1212,#1220,#1465,.T.);
#1010=EDGE_CURVE('',#1213,#1227,#1466,.T.);
#1011=EDGE_CURVE('',#1214,#1226,#1467,.T.);
#1012=EDGE_CURVE('',#1228,#1229,#1468,.T.);
#1013=EDGE_CURVE('',#1230,#1229,#1469,.F.);
#1014=EDGE_CURVE('',#1231,#1230,#1470,.T.);
#1015=EDGE_CURVE('',#1231,#1228,#1471,.T.);
#1016=EDGE_CURVE('',#1232,#1233,#1472,.F.);
#1017=EDGE_CURVE('',#1234,#1233,#1473,.T.);
#1018=EDGE_CURVE('',#1235,#1234,#1474,.T.);
#1019=EDGE_CURVE('',#1236,#1235,#116,.T.);
#1020=EDGE_CURVE('',#1237,#1236,#1475,.T.);
#1021=EDGE_CURVE('',#1238,#1237,#117,.F.);
#1022=EDGE_CURVE('',#1231,#1238,#1476,.F.);
#1023=EDGE_CURVE('',#1230,#1239,#1477,.F.);
#1024=EDGE_CURVE('',#1239,#1240,#118,.F.);
#1025=EDGE_CURVE('',#1240,#1241,#1478,.F.);
#1026=EDGE_CURVE('',#1241,#1232,#119,.T.);
#1027=EDGE_CURVE('',#1233,#1242,#1479,.F.);
#1028=EDGE_CURVE('',#1243,#1242,#1480,.T.);
#1029=EDGE_CURVE('',#1234,#1243,#1481,.T.);
#1030=EDGE_CURVE('',#1244,#1245,#120,.T.);
#1031=EDGE_CURVE('',#1245,#1243,#1482,.T.);
#1032=EDGE_CURVE('',#1246,#1242,#1483,.F.);
#1033=EDGE_CURVE('',#1247,#1246,#121,.T.);
#1034=EDGE_CURVE('',#1248,#1247,#1484,.F.);
#1035=EDGE_CURVE('',#1249,#1248,#122,.F.);
#1036=EDGE_CURVE('',#1229,#1249,#1485,.F.);
#1037=EDGE_CURVE('',#1228,#1250,#1486,.F.);
#1038=EDGE_CURVE('',#1250,#1251,#123,.F.);
#1039=EDGE_CURVE('',#1251,#1244,#1487,.T.);
#1040=EDGE_CURVE('',#1232,#1246,#1488,.T.);
#1041=EDGE_CURVE('',#1241,#1247,#1489,.F.);
#1042=EDGE_CURVE('',#1240,#1248,#1490,.T.);
#1043=EDGE_CURVE('',#1239,#1249,#1491,.F.);
#1044=EDGE_CURVE('',#1235,#1245,#1492,.T.);
#1045=EDGE_CURVE('',#1236,#1244,#1493,.T.);
#1046=EDGE_CURVE('',#1237,#1251,#1494,.T.);
#1047=EDGE_CURVE('',#1238,#1250,#1495,.T.);
#1048=VERTEX_POINT('',#3129);
#1049=VERTEX_POINT('',#3130);
#1050=VERTEX_POINT('',#3132);
#1051=VERTEX_POINT('',#3134);
#1052=VERTEX_POINT('',#3138);
#1053=VERTEX_POINT('',#3139);
#1054=VERTEX_POINT('',#3141);
#1055=VERTEX_POINT('',#3143);
#1056=VERTEX_POINT('',#3145);
#1057=VERTEX_POINT('',#3148);
#1058=VERTEX_POINT('',#3150);
#1059=VERTEX_POINT('',#3152);
#1060=VERTEX_POINT('',#3154);
#1061=VERTEX_POINT('',#3156);
#1062=VERTEX_POINT('',#3160);
#1063=VERTEX_POINT('',#3162);
#1064=VERTEX_POINT('',#3166);
#1065=VERTEX_POINT('',#3167);
#1066=VERTEX_POINT('',#3169);
#1067=VERTEX_POINT('',#3171);
#1068=VERTEX_POINT('',#3174);
#1069=VERTEX_POINT('',#3176);
#1070=VERTEX_POINT('',#3178);
#1071=VERTEX_POINT('',#3180);
#1072=VERTEX_POINT('',#3204);
#1073=VERTEX_POINT('',#3205);
#1074=VERTEX_POINT('',#3207);
#1075=VERTEX_POINT('',#3209);
#1076=VERTEX_POINT('',#3213);
#1077=VERTEX_POINT('',#3214);
#1078=VERTEX_POINT('',#3216);
#1079=VERTEX_POINT('',#3218);
#1080=VERTEX_POINT('',#3220);
#1081=VERTEX_POINT('',#3222);
#1082=VERTEX_POINT('',#3224);
#1083=VERTEX_POINT('',#3227);
#1084=VERTEX_POINT('',#3229);
#1085=VERTEX_POINT('',#3231);
#1086=VERTEX_POINT('',#3235);
#1087=VERTEX_POINT('',#3237);
#1088=VERTEX_POINT('',#3241);
#1089=VERTEX_POINT('',#3242);
#1090=VERTEX_POINT('',#3245);
#1091=VERTEX_POINT('',#3247);
#1092=VERTEX_POINT('',#3249);
#1093=VERTEX_POINT('',#3251);
#1094=VERTEX_POINT('',#3254);
#1095=VERTEX_POINT('',#3256);
#1096=VERTEX_POINT('',#3279);
#1097=VERTEX_POINT('',#3280);
#1098=VERTEX_POINT('',#3282);
#1099=VERTEX_POINT('',#3284);
#1100=VERTEX_POINT('',#3288);
#1101=VERTEX_POINT('',#3290);
#1102=VERTEX_POINT('',#3294);
#1103=VERTEX_POINT('',#3296);
#1104=VERTEX_POINT('',#3304);
#1105=VERTEX_POINT('',#3305);
#1106=VERTEX_POINT('',#3310);
#1107=VERTEX_POINT('',#3314);
#1108=VERTEX_POINT('',#3322);
#1109=VERTEX_POINT('',#3323);
#1110=VERTEX_POINT('',#3325);
#1111=VERTEX_POINT('',#3327);
#1112=VERTEX_POINT('',#3331);
#1113=VERTEX_POINT('',#3332);
#1114=VERTEX_POINT('',#3334);
#1115=VERTEX_POINT('',#3336);
#1116=VERTEX_POINT('',#3338);
#1117=VERTEX_POINT('',#3341);
#1118=VERTEX_POINT('',#3343);
#1119=VERTEX_POINT('',#3345);
#1120=VERTEX_POINT('',#3347);
#1121=VERTEX_POINT('',#3349);
#1122=VERTEX_POINT('',#3353);
#1123=VERTEX_POINT('',#3355);
#1124=VERTEX_POINT('',#3359);
#1125=VERTEX_POINT('',#3360);
#1126=VERTEX_POINT('',#3362);
#1127=VERTEX_POINT('',#3364);
#1128=VERTEX_POINT('',#3367);
#1129=VERTEX_POINT('',#3369);
#1130=VERTEX_POINT('',#3371);
#1131=VERTEX_POINT('',#3373);
#1132=VERTEX_POINT('',#3397);
#1133=VERTEX_POINT('',#3398);
#1134=VERTEX_POINT('',#3400);
#1135=VERTEX_POINT('',#3402);
#1136=VERTEX_POINT('',#3406);
#1137=VERTEX_POINT('',#3407);
#1138=VERTEX_POINT('',#3409);
#1139=VERTEX_POINT('',#3411);
#1140=VERTEX_POINT('',#3413);
#1141=VERTEX_POINT('',#3416);
#1142=VERTEX_POINT('',#3418);
#1143=VERTEX_POINT('',#3420);
#1144=VERTEX_POINT('',#3422);
#1145=VERTEX_POINT('',#3424);
#1146=VERTEX_POINT('',#3428);
#1147=VERTEX_POINT('',#3430);
#1148=VERTEX_POINT('',#3434);
#1149=VERTEX_POINT('',#3435);
#1150=VERTEX_POINT('',#3437);
#1151=VERTEX_POINT('',#3439);
#1152=VERTEX_POINT('',#3442);
#1153=VERTEX_POINT('',#3444);
#1154=VERTEX_POINT('',#3446);
#1155=VERTEX_POINT('',#3448);
#1156=VERTEX_POINT('',#3472);
#1157=VERTEX_POINT('',#3473);
#1158=VERTEX_POINT('',#3475);
#1159=VERTEX_POINT('',#3477);
#1160=VERTEX_POINT('',#3481);
#1161=VERTEX_POINT('',#3482);
#1162=VERTEX_POINT('',#3484);
#1163=VERTEX_POINT('',#3486);
#1164=VERTEX_POINT('',#3488);
#1165=VERTEX_POINT('',#3490);
#1166=VERTEX_POINT('',#3492);
#1167=VERTEX_POINT('',#3495);
#1168=VERTEX_POINT('',#3497);
#1169=VERTEX_POINT('',#3499);
#1170=VERTEX_POINT('',#3503);
#1171=VERTEX_POINT('',#3505);
#1172=VERTEX_POINT('',#3509);
#1173=VERTEX_POINT('',#3510);
#1174=VERTEX_POINT('',#3513);
#1175=VERTEX_POINT('',#3515);
#1176=VERTEX_POINT('',#3517);
#1177=VERTEX_POINT('',#3519);
#1178=VERTEX_POINT('',#3522);
#1179=VERTEX_POINT('',#3524);
#1180=VERTEX_POINT('',#3547);
#1181=VERTEX_POINT('',#3548);
#1182=VERTEX_POINT('',#3550);
#1183=VERTEX_POINT('',#3552);
#1184=VERTEX_POINT('',#3556);
#1185=VERTEX_POINT('',#3557);
#1186=VERTEX_POINT('',#3559);
#1187=VERTEX_POINT('',#3561);
#1188=VERTEX_POINT('',#3563);
#1189=VERTEX_POINT('',#3566);
#1190=VERTEX_POINT('',#3568);
#1191=VERTEX_POINT('',#3570);
#1192=VERTEX_POINT('',#3572);
#1193=VERTEX_POINT('',#3574);
#1194=VERTEX_POINT('',#3578);
#1195=VERTEX_POINT('',#3580);
#1196=VERTEX_POINT('',#3584);
#1197=VERTEX_POINT('',#3585);
#1198=VERTEX_POINT('',#3587);
#1199=VERTEX_POINT('',#3589);
#1200=VERTEX_POINT('',#3592);
#1201=VERTEX_POINT('',#3594);
#1202=VERTEX_POINT('',#3596);
#1203=VERTEX_POINT('',#3598);
#1204=VERTEX_POINT('',#3622);
#1205=VERTEX_POINT('',#3623);
#1206=VERTEX_POINT('',#3625);
#1207=VERTEX_POINT('',#3627);
#1208=VERTEX_POINT('',#3631);
#1209=VERTEX_POINT('',#3632);
#1210=VERTEX_POINT('',#3634);
#1211=VERTEX_POINT('',#3636);
#1212=VERTEX_POINT('',#3638);
#1213=VERTEX_POINT('',#3640);
#1214=VERTEX_POINT('',#3642);
#1215=VERTEX_POINT('',#3645);
#1216=VERTEX_POINT('',#3647);
#1217=VERTEX_POINT('',#3649);
#1218=VERTEX_POINT('',#3653);
#1219=VERTEX_POINT('',#3655);
#1220=VERTEX_POINT('',#3659);
#1221=VERTEX_POINT('',#3660);
#1222=VERTEX_POINT('',#3663);
#1223=VERTEX_POINT('',#3665);
#1224=VERTEX_POINT('',#3667);
#1225=VERTEX_POINT('',#3669);
#1226=VERTEX_POINT('',#3672);
#1227=VERTEX_POINT('',#3674);
#1228=VERTEX_POINT('',#3697);
#1229=VERTEX_POINT('',#3698);
#1230=VERTEX_POINT('',#3700);
#1231=VERTEX_POINT('',#3702);
#1232=VERTEX_POINT('',#3706);
#1233=VERTEX_POINT('',#3707);
#1234=VERTEX_POINT('',#3709);
#1235=VERTEX_POINT('',#3711);
#1236=VERTEX_POINT('',#3713);
#1237=VERTEX_POINT('',#3715);
#1238=VERTEX_POINT('',#3717);
#1239=VERTEX_POINT('',#3720);
#1240=VERTEX_POINT('',#3722);
#1241=VERTEX_POINT('',#3724);
#1242=VERTEX_POINT('',#3728);
#1243=VERTEX_POINT('',#3730);
#1244=VERTEX_POINT('',#3734);
#1245=VERTEX_POINT('',#3735);
#1246=VERTEX_POINT('',#3738);
#1247=VERTEX_POINT('',#3740);
#1248=VERTEX_POINT('',#3742);
#1249=VERTEX_POINT('',#3744);
#1250=VERTEX_POINT('',#3747);
#1251=VERTEX_POINT('',#3749);
#1252=LINE('',#3128,#1496);
#1253=LINE('',#3131,#1497);
#1254=LINE('',#3133,#1498);
#1255=LINE('',#3135,#1499);
#1256=LINE('',#3137,#1500);
#1257=LINE('',#3142,#1501);
#1258=LINE('',#3146,#1502);
#1259=LINE('',#3147,#1503);
#1260=LINE('',#3151,#1504);
#1261=LINE('',#3155,#1505);
#1262=LINE('',#3157,#1506);
#1263=LINE('',#3159,#1507);
#1264=LINE('',#3161,#1508);
#1265=LINE('',#3163,#1509);
#1266=LINE('',#3168,#1510);
#1267=LINE('',#3172,#1511);
#1268=LINE('',#3173,#1512);
#1269=LINE('',#3177,#1513);
#1270=LINE('',#3181,#1514);
#1271=LINE('',#3182,#1515);
#1272=LINE('',#3184,#1516);
#1273=LINE('',#3186,#1517);
#1274=LINE('',#3188,#1518);
#1275=LINE('',#3190,#1519);
#1276=LINE('',#3193,#1520);
#1277=LINE('',#3195,#1521);
#1278=LINE('',#3197,#1522);
#1279=LINE('',#3199,#1523);
#1280=LINE('',#3203,#1524);
#1281=LINE('',#3206,#1525);
#1282=LINE('',#3208,#1526);
#1283=LINE('',#3210,#1527);
#1284=LINE('',#3212,#1528);
#1285=LINE('',#3215,#1529);
#1286=LINE('',#3217,#1530);
#1287=LINE('',#3221,#1531);
#1288=LINE('',#3225,#1532);
#1289=LINE('',#3226,#1533);
#1290=LINE('',#3230,#1534);
#1291=LINE('',#3234,#1535);
#1292=LINE('',#3236,#1536);
#1293=LINE('',#3238,#1537);
#1294=LINE('',#3243,#1538);
#1295=LINE('',#3244,#1539);
#1296=LINE('',#3248,#1540);
#1297=LINE('',#3252,#1541);
#1298=LINE('',#3253,#1542);
#1299=LINE('',#3257,#1543);
#1300=LINE('',#3259,#1544);
#1301=LINE('',#3261,#1545);
#1302=LINE('',#3263,#1546);
#1303=LINE('',#3265,#1547);
#1304=LINE('',#3268,#1548);
#1305=LINE('',#3270,#1549);
#1306=LINE('',#3272,#1550);
#1307=LINE('',#3274,#1551);
#1308=LINE('',#3278,#1552);
#1309=LINE('',#3281,#1553);
#1310=LINE('',#3283,#1554);
#1311=LINE('',#3285,#1555);
#1312=LINE('',#3287,#1556);
#1313=LINE('',#3289,#1557);
#1314=LINE('',#3291,#1558);
#1315=LINE('',#3293,#1559);
#1316=LINE('',#3295,#1560);
#1317=LINE('',#3297,#1561);
#1318=LINE('',#3299,#1562);
#1319=LINE('',#3300,#1563);
#1320=LINE('',#3303,#1564);
#1321=LINE('',#3306,#1565);
#1322=LINE('',#3307,#1566);
#1323=LINE('',#3309,#1567);
#1324=LINE('',#3311,#1568);
#1325=LINE('',#3313,#1569);
#1326=LINE('',#3315,#1570);
#1327=LINE('',#3317,#1571);
#1328=LINE('',#3321,#1572);
#1329=LINE('',#3324,#1573);
#1330=LINE('',#3326,#1574);
#1331=LINE('',#3328,#1575);
#1332=LINE('',#3330,#1576);
#1333=LINE('',#3335,#1577);
#1334=LINE('',#3339,#1578);
#1335=LINE('',#3340,#1579);
#1336=LINE('',#3344,#1580);
#1337=LINE('',#3348,#1581);
#1338=LINE('',#3350,#1582);
#1339=LINE('',#3352,#1583);
#1340=LINE('',#3354,#1584);
#1341=LINE('',#3356,#1585);
#1342=LINE('',#3361,#1586);
#1343=LINE('',#3365,#1587);
#1344=LINE('',#3366,#1588);
#1345=LINE('',#3370,#1589);
#1346=LINE('',#3374,#1590);
#1347=LINE('',#3375,#1591);
#1348=LINE('',#3377,#1592);
#1349=LINE('',#3379,#1593);
#1350=LINE('',#3381,#1594);
#1351=LINE('',#3383,#1595);
#1352=LINE('',#3386,#1596);
#1353=LINE('',#3388,#1597);
#1354=LINE('',#3390,#1598);
#1355=LINE('',#3392,#1599);
#1356=LINE('',#3396,#1600);
#1357=LINE('',#3399,#1601);
#1358=LINE('',#3401,#1602);
#1359=LINE('',#3403,#1603);
#1360=LINE('',#3405,#1604);
#1361=LINE('',#3410,#1605);
#1362=LINE('',#3414,#1606);
#1363=LINE('',#3415,#1607);
#1364=LINE('',#3419,#1608);
#1365=LINE('',#3423,#1609);
#1366=LINE('',#3425,#1610);
#1367=LINE('',#3427,#1611);
#1368=LINE('',#3429,#1612);
#1369=LINE('',#3431,#1613);
#1370=LINE('',#3436,#1614);
#1371=LINE('',#3440,#1615);
#1372=LINE('',#3441,#1616);
#1373=LINE('',#3445,#1617);
#1374=LINE('',#3449,#1618);
#1375=LINE('',#3450,#1619);
#1376=LINE('',#3452,#1620);
#1377=LINE('',#3454,#1621);
#1378=LINE('',#3456,#1622);
#1379=LINE('',#3458,#1623);
#1380=LINE('',#3461,#1624);
#1381=LINE('',#3463,#1625);
#1382=LINE('',#3465,#1626);
#1383=LINE('',#3467,#1627);
#1384=LINE('',#3471,#1628);
#1385=LINE('',#3474,#1629);
#1386=LINE('',#3476,#1630);
#1387=LINE('',#3478,#1631);
#1388=LINE('',#3480,#1632);
#1389=LINE('',#3483,#1633);
#1390=LINE('',#3485,#1634);
#1391=LINE('',#3489,#1635);
#1392=LINE('',#3493,#1636);
#1393=LINE('',#3494,#1637);
#1394=LINE('',#3498,#1638);
#1395=LINE('',#3502,#1639);
#1396=LINE('',#3504,#1640);
#1397=LINE('',#3506,#1641);
#1398=LINE('',#3511,#1642);
#1399=LINE('',#3512,#1643);
#1400=LINE('',#3516,#1644);
#1401=LINE('',#3520,#1645);
#1402=LINE('',#3521,#1646);
#1403=LINE('',#3525,#1647);
#1404=LINE('',#3527,#1648);
#1405=LINE('',#3529,#1649);
#1406=LINE('',#3531,#1650);
#1407=LINE('',#3533,#1651);
#1408=LINE('',#3536,#1652);
#1409=LINE('',#3538,#1653);
#1410=LINE('',#3540,#1654);
#1411=LINE('',#3542,#1655);
#1412=LINE('',#3546,#1656);
#1413=LINE('',#3549,#1657);
#1414=LINE('',#3551,#1658);
#1415=LINE('',#3553,#1659);
#1416=LINE('',#3555,#1660);
#1417=LINE('',#3560,#1661);
#1418=LINE('',#3564,#1662);
#1419=LINE('',#3565,#1663);
#1420=LINE('',#3569,#1664);
#1421=LINE('',#3573,#1665);
#1422=LINE('',#3575,#1666);
#1423=LINE('',#3577,#1667);
#1424=LINE('',#3579,#1668);
#1425=LINE('',#3581,#1669);
#1426=LINE('',#3586,#1670);
#1427=LINE('',#3590,#1671);
#1428=LINE('',#3591,#1672);
#1429=LINE('',#3595,#1673);
#1430=LINE('',#3599,#1674);
#1431=LINE('',#3600,#1675);
#1432=LINE('',#3602,#1676);
#1433=LINE('',#3604,#1677);
#1434=LINE('',#3606,#1678);
#1435=LINE('',#3608,#1679);
#1436=LINE('',#3611,#1680);
#1437=LINE('',#3613,#1681);
#1438=LINE('',#3615,#1682);
#1439=LINE('',#3617,#1683);
#1440=LINE('',#3621,#1684);
#1441=LINE('',#3624,#1685);
#1442=LINE('',#3626,#1686);
#1443=LINE('',#3628,#1687);
#1444=LINE('',#3630,#1688);
#1445=LINE('',#3633,#1689);
#1446=LINE('',#3635,#1690);
#1447=LINE('',#3639,#1691);
#1448=LINE('',#3643,#1692);
#1449=LINE('',#3644,#1693);
#1450=LINE('',#3648,#1694);
#1451=LINE('',#3652,#1695);
#1452=LINE('',#3654,#1696);
#1453=LINE('',#3656,#1697);
#1454=LINE('',#3661,#1698);
#1455=LINE('',#3662,#1699);
#1456=LINE('',#3666,#1700);
#1457=LINE('',#3670,#1701);
#1458=LINE('',#3671,#1702);
#1459=LINE('',#3675,#1703);
#1460=LINE('',#3677,#1704);
#1461=LINE('',#3679,#1705);
#1462=LINE('',#3681,#1706);
#1463=LINE('',#3683,#1707);
#1464=LINE('',#3686,#1708);
#1465=LINE('',#3688,#1709);
#1466=LINE('',#3690,#1710);
#1467=LINE('',#3692,#1711);
#1468=LINE('',#3696,#1712);
#1469=LINE('',#3699,#1713);
#1470=LINE('',#3701,#1714);
#1471=LINE('',#3703,#1715);
#1472=LINE('',#3705,#1716);
#1473=LINE('',#3708,#1717);
#1474=LINE('',#3710,#1718);
#1475=LINE('',#3714,#1719);
#1476=LINE('',#3718,#1720);
#1477=LINE('',#3719,#1721);
#1478=LINE('',#3723,#1722);
#1479=LINE('',#3727,#1723);
#1480=LINE('',#3729,#1724);
#1481=LINE('',#3731,#1725);
#1482=LINE('',#3736,#1726);
#1483=LINE('',#3737,#1727);
#1484=LINE('',#3741,#1728);
#1485=LINE('',#3745,#1729);
#1486=LINE('',#3746,#1730);
#1487=LINE('',#3750,#1731);
#1488=LINE('',#3752,#1732);
#1489=LINE('',#3754,#1733);
#1490=LINE('',#3756,#1734);
#1491=LINE('',#3758,#1735);
#1492=LINE('',#3761,#1736);
#1493=LINE('',#3763,#1737);
#1494=LINE('',#3765,#1738);
#1495=LINE('',#3767,#1739);
#1496=VECTOR('',#2496,1.);
#1497=VECTOR('',#2497,1.);
#1498=VECTOR('',#2498,1.);
#1499=VECTOR('',#2499,1.);
#1500=VECTOR('',#2502,1.);
#1501=VECTOR('',#2505,1.);
#1502=VECTOR('',#2508,1.);
#1503=VECTOR('',#2509,1.);
#1504=VECTOR('',#2512,1.);
#1505=VECTOR('',#2515,1.);
#1506=VECTOR('',#2516,1.);
#1507=VECTOR('',#2519,1.);
#1508=VECTOR('',#2520,1.);
#1509=VECTOR('',#2521,1.);
#1510=VECTOR('',#2526,1.);
#1511=VECTOR('',#2529,1.);
#1512=VECTOR('',#2530,1.);
#1513=VECTOR('',#2533,1.);
#1514=VECTOR('',#2536,1.);
#1515=VECTOR('',#2537,1.);
#1516=VECTOR('',#2540,1.);
#1517=VECTOR('',#2543,1.);
#1518=VECTOR('',#2546,1.);
#1519=VECTOR('',#2549,1.);
#1520=VECTOR('',#2554,1.);
#1521=VECTOR('',#2557,1.);
#1522=VECTOR('',#2560,1.);
#1523=VECTOR('',#2563,1.);
#1524=VECTOR('',#2570,1.);
#1525=VECTOR('',#2571,1.);
#1526=VECTOR('',#2572,1.);
#1527=VECTOR('',#2573,1.);
#1528=VECTOR('',#2576,1.);
#1529=VECTOR('',#2577,1.);
#1530=VECTOR('',#2578,1.);
#1531=VECTOR('',#2581,1.);
#1532=VECTOR('',#2584,1.);
#1533=VECTOR('',#2585,1.);
#1534=VECTOR('',#2588,1.);
#1535=VECTOR('',#2593,1.);
#1536=VECTOR('',#2594,1.);
#1537=VECTOR('',#2595,1.);
#1538=VECTOR('',#2600,1.);
#1539=VECTOR('',#2601,1.);
#1540=VECTOR('',#2604,1.);
#1541=VECTOR('',#2607,1.);
#1542=VECTOR('',#2608,1.);
#1543=VECTOR('',#2611,1.);
#1544=VECTOR('',#2614,1.);
#1545=VECTOR('',#2617,1.);
#1546=VECTOR('',#2620,1.);
#1547=VECTOR('',#2623,1.);
#1548=VECTOR('',#2628,1.);
#1549=VECTOR('',#2631,1.);
#1550=VECTOR('',#2634,1.);
#1551=VECTOR('',#2637,1.);
#1552=VECTOR('',#2644,1.);
#1553=VECTOR('',#2645,1.);
#1554=VECTOR('',#2646,1.);
#1555=VECTOR('',#2647,1.);
#1556=VECTOR('',#2650,1.);
#1557=VECTOR('',#2651,1.);
#1558=VECTOR('',#2652,1.);
#1559=VECTOR('',#2655,1.);
#1560=VECTOR('',#2656,1.);
#1561=VECTOR('',#2657,1.);
#1562=VECTOR('',#2660,1.);
#1563=VECTOR('',#2661,1.);
#1564=VECTOR('',#2666,1.);
#1565=VECTOR('',#2667,1.);
#1566=VECTOR('',#2668,1.);
#1567=VECTOR('',#2671,1.);
#1568=VECTOR('',#2672,1.);
#1569=VECTOR('',#2675,1.);
#1570=VECTOR('',#2676,1.);
#1571=VECTOR('',#2679,1.);
#1572=VECTOR('',#2686,1.);
#1573=VECTOR('',#2687,1.);
#1574=VECTOR('',#2688,1.);
#1575=VECTOR('',#2689,1.);
#1576=VECTOR('',#2692,1.);
#1577=VECTOR('',#2695,1.);
#1578=VECTOR('',#2698,1.);
#1579=VECTOR('',#2699,1.);
#1580=VECTOR('',#2702,1.);
#1581=VECTOR('',#2705,1.);
#1582=VECTOR('',#2706,1.);
#1583=VECTOR('',#2709,1.);
#1584=VECTOR('',#2710,1.);
#1585=VECTOR('',#2711,1.);
#1586=VECTOR('',#2716,1.);
#1587=VECTOR('',#2719,1.);
#1588=VECTOR('',#2720,1.);
#1589=VECTOR('',#2723,1.);
#1590=VECTOR('',#2726,1.);
#1591=VECTOR('',#2727,1.);
#1592=VECTOR('',#2730,1.);
#1593=VECTOR('',#2733,1.);
#1594=VECTOR('',#2736,1.);
#1595=VECTOR('',#2739,1.);
#1596=VECTOR('',#2744,1.);
#1597=VECTOR('',#2747,1.);
#1598=VECTOR('',#2750,1.);
#1599=VECTOR('',#2753,1.);
#1600=VECTOR('',#2760,1.);
#1601=VECTOR('',#2761,1.);
#1602=VECTOR('',#2762,1.);
#1603=VECTOR('',#2763,1.);
#1604=VECTOR('',#2766,1.);
#1605=VECTOR('',#2769,1.);
#1606=VECTOR('',#2772,1.);
#1607=VECTOR('',#2773,1.);
#1608=VECTOR('',#2776,1.);
#1609=VECTOR('',#2779,1.);
#1610=VECTOR('',#2780,1.);
#1611=VECTOR('',#2783,1.);
#1612=VECTOR('',#2784,1.);
#1613=VECTOR('',#2785,1.);
#1614=VECTOR('',#2790,1.);
#1615=VECTOR('',#2793,1.);
#1616=VECTOR('',#2794,1.);
#1617=VECTOR('',#2797,1.);
#1618=VECTOR('',#2800,1.);
#1619=VECTOR('',#2801,1.);
#1620=VECTOR('',#2804,1.);
#1621=VECTOR('',#2807,1.);
#1622=VECTOR('',#2810,1.);
#1623=VECTOR('',#2813,1.);
#1624=VECTOR('',#2818,1.);
#1625=VECTOR('',#2821,1.);
#1626=VECTOR('',#2824,1.);
#1627=VECTOR('',#2827,1.);
#1628=VECTOR('',#2834,1.);
#1629=VECTOR('',#2835,1.);
#1630=VECTOR('',#2836,1.);
#1631=VECTOR('',#2837,1.);
#1632=VECTOR('',#2840,1.);
#1633=VECTOR('',#2841,1.);
#1634=VECTOR('',#2842,1.);
#1635=VECTOR('',#2845,1.);
#1636=VECTOR('',#2848,1.);
#1637=VECTOR('',#2849,1.);
#1638=VECTOR('',#2852,1.);
#1639=VECTOR('',#2857,1.);
#1640=VECTOR('',#2858,1.);
#1641=VECTOR('',#2859,1.);
#1642=VECTOR('',#2864,1.);
#1643=VECTOR('',#2865,1.);
#1644=VECTOR('',#2868,1.);
#1645=VECTOR('',#2871,1.);
#1646=VECTOR('',#2872,1.);
#1647=VECTOR('',#2875,1.);
#1648=VECTOR('',#2878,1.);
#1649=VECTOR('',#2881,1.);
#1650=VECTOR('',#2884,1.);
#1651=VECTOR('',#2887,1.);
#1652=VECTOR('',#2892,1.);
#1653=VECTOR('',#2895,1.);
#1654=VECTOR('',#2898,1.);
#1655=VECTOR('',#2901,1.);
#1656=VECTOR('',#2908,1.);
#1657=VECTOR('',#2909,1.);
#1658=VECTOR('',#2910,1.);
#1659=VECTOR('',#2911,1.);
#1660=VECTOR('',#2914,1.);
#1661=VECTOR('',#2917,1.);
#1662=VECTOR('',#2920,1.);
#1663=VECTOR('',#2921,1.);
#1664=VECTOR('',#2924,1.);
#1665=VECTOR('',#2927,1.);
#1666=VECTOR('',#2928,1.);
#1667=VECTOR('',#2931,1.);
#1668=VECTOR('',#2932,1.);
#1669=VECTOR('',#2933,1.);
#1670=VECTOR('',#2938,1.);
#1671=VECTOR('',#2941,1.);
#1672=VECTOR('',#2942,1.);
#1673=VECTOR('',#2945,1.);
#1674=VECTOR('',#2948,1.);
#1675=VECTOR('',#2949,1.);
#1676=VECTOR('',#2952,1.);
#1677=VECTOR('',#2955,1.);
#1678=VECTOR('',#2958,1.);
#1679=VECTOR('',#2961,1.);
#1680=VECTOR('',#2966,1.);
#1681=VECTOR('',#2969,1.);
#1682=VECTOR('',#2972,1.);
#1683=VECTOR('',#2975,1.);
#1684=VECTOR('',#2982,1.);
#1685=VECTOR('',#2983,1.);
#1686=VECTOR('',#2984,1.);
#1687=VECTOR('',#2985,1.);
#1688=VECTOR('',#2988,1.);
#1689=VECTOR('',#2989,1.);
#1690=VECTOR('',#2990,1.);
#1691=VECTOR('',#2993,1.);
#1692=VECTOR('',#2996,1.);
#1693=VECTOR('',#2997,1.);
#1694=VECTOR('',#3000,1.);
#1695=VECTOR('',#3005,1.);
#1696=VECTOR('',#3006,1.);
#1697=VECTOR('',#3007,1.);
#1698=VECTOR('',#3012,1.);
#1699=VECTOR('',#3013,1.);
#1700=VECTOR('',#3016,1.);
#1701=VECTOR('',#3019,1.);
#1702=VECTOR('',#3020,1.);
#1703=VECTOR('',#3023,1.);
#1704=VECTOR('',#3026,1.);
#1705=VECTOR('',#3029,1.);
#1706=VECTOR('',#3032,1.);
#1707=VECTOR('',#3035,1.);
#1708=VECTOR('',#3040,1.);
#1709=VECTOR('',#3043,1.);
#1710=VECTOR('',#3046,1.);
#1711=VECTOR('',#3049,1.);
#1712=VECTOR('',#3056,1.);
#1713=VECTOR('',#3057,1.);
#1714=VECTOR('',#3058,1.);
#1715=VECTOR('',#3059,1.);
#1716=VECTOR('',#3062,1.);
#1717=VECTOR('',#3063,1.);
#1718=VECTOR('',#3064,1.);
#1719=VECTOR('',#3067,1.);
#1720=VECTOR('',#3070,1.);
#1721=VECTOR('',#3071,1.);
#1722=VECTOR('',#3074,1.);
#1723=VECTOR('',#3079,1.);
#1724=VECTOR('',#3080,1.);
#1725=VECTOR('',#3081,1.);
#1726=VECTOR('',#3086,1.);
#1727=VECTOR('',#3087,1.);
#1728=VECTOR('',#3090,1.);
#1729=VECTOR('',#3093,1.);
#1730=VECTOR('',#3094,1.);
#1731=VECTOR('',#3097,1.);
#1732=VECTOR('',#3100,1.);
#1733=VECTOR('',#3103,1.);
#1734=VECTOR('',#3106,1.);
#1735=VECTOR('',#3109,1.);
#1736=VECTOR('',#3114,1.);
#1737=VECTOR('',#3117,1.);
#1738=VECTOR('',#3120,1.);
#1739=VECTOR('',#3123,1.);
#1740=EDGE_LOOP('',(#124,#125,#126,#127));
#1741=EDGE_LOOP('',(#128,#129,#130,#131,#132,#133,#134,#135,#136,#137,#138,
#139));
#1742=EDGE_LOOP('',(#140,#141,#142,#143));
#1743=EDGE_LOOP('',(#144,#145,#146,#147,#148,#149,#150,#151,#152,#153,#154,
#155));
#1744=EDGE_LOOP('',(#156,#157,#158,#159));
#1745=EDGE_LOOP('',(#160,#161,#162,#163));
#1746=EDGE_LOOP('',(#164,#165,#166,#167));
#1747=EDGE_LOOP('',(#168,#169,#170,#171));
#1748=EDGE_LOOP('',(#172,#173,#174,#175));
#1749=EDGE_LOOP('',(#176,#177,#178,#179));
#1750=EDGE_LOOP('',(#180,#181,#182,#183));
#1751=EDGE_LOOP('',(#184,#185,#186,#187));
#1752=EDGE_LOOP('',(#188,#189,#190,#191));
#1753=EDGE_LOOP('',(#192,#193,#194,#195));
#1754=EDGE_LOOP('',(#196,#197,#198,#199));
#1755=EDGE_LOOP('',(#200,#201,#202,#203,#204,#205,#206,#207,#208,#209,#210,
#211));
#1756=EDGE_LOOP('',(#212,#213,#214,#215));
#1757=EDGE_LOOP('',(#216,#217,#218,#219,#220,#221,#222,#223,#224,#225,#226,
#227));
#1758=EDGE_LOOP('',(#228,#229,#230,#231));
#1759=EDGE_LOOP('',(#232,#233,#234,#235));
#1760=EDGE_LOOP('',(#236,#237,#238,#239));
#1761=EDGE_LOOP('',(#240,#241,#242,#243));
#1762=EDGE_LOOP('',(#244,#245,#246,#247));
#1763=EDGE_LOOP('',(#248,#249,#250,#251));
#1764=EDGE_LOOP('',(#252,#253,#254,#255));
#1765=EDGE_LOOP('',(#256,#257,#258,#259));
#1766=EDGE_LOOP('',(#260,#261,#262,#263));
#1767=EDGE_LOOP('',(#264,#265,#266,#267));
#1768=EDGE_LOOP('',(#268,#269,#270,#271));
#1769=EDGE_LOOP('',(#272,#273,#274,#275));
#1770=EDGE_LOOP('',(#276,#277,#278,#279));
#1771=EDGE_LOOP('',(#280,#281,#282,#283));
#1772=EDGE_LOOP('',(#284,#285,#286,#287));
#1773=EDGE_LOOP('',(#288,#289,#290,#291));
#1774=EDGE_LOOP('',(#292,#293,#294,#295));
#1775=EDGE_LOOP('',(#296,#297,#298,#299));
#1776=EDGE_LOOP('',(#300,#301,#302,#303));
#1777=EDGE_LOOP('',(#304,#305,#306,#307));
#1778=EDGE_LOOP('',(#308,#309,#310,#311));
#1779=EDGE_LOOP('',(#312,#313,#314,#315,#316,#317,#318,#319,#320,#321,#322,
#323));
#1780=EDGE_LOOP('',(#324,#325,#326,#327));
#1781=EDGE_LOOP('',(#328,#329,#330,#331,#332,#333,#334,#335,#336,#337,#338,
#339));
#1782=EDGE_LOOP('',(#340,#341,#342,#343));
#1783=EDGE_LOOP('',(#344,#345,#346,#347));
#1784=EDGE_LOOP('',(#348,#349,#350,#351));
#1785=EDGE_LOOP('',(#352,#353,#354,#355));
#1786=EDGE_LOOP('',(#356,#357,#358,#359));
#1787=EDGE_LOOP('',(#360,#361,#362,#363));
#1788=EDGE_LOOP('',(#364,#365,#366,#367));
#1789=EDGE_LOOP('',(#368,#369,#370,#371));
#1790=EDGE_LOOP('',(#372,#373,#374,#375));
#1791=EDGE_LOOP('',(#376,#377,#378,#379));
#1792=EDGE_LOOP('',(#380,#381,#382,#383));
#1793=EDGE_LOOP('',(#384,#385,#386,#387,#388,#389,#390,#391,#392,#393,#394,
#395));
#1794=EDGE_LOOP('',(#396,#397,#398,#399));
#1795=EDGE_LOOP('',(#400,#401,#402,#403,#404,#405,#406,#407,#408,#409,#410,
#411));
#1796=EDGE_LOOP('',(#412,#413,#414,#415));
#1797=EDGE_LOOP('',(#416,#417,#418,#419));
#1798=EDGE_LOOP('',(#420,#421,#422,#423));
#1799=EDGE_LOOP('',(#424,#425,#426,#427));
#1800=EDGE_LOOP('',(#428,#429,#430,#431));
#1801=EDGE_LOOP('',(#432,#433,#434,#435));
#1802=EDGE_LOOP('',(#436,#437,#438,#439));
#1803=EDGE_LOOP('',(#440,#441,#442,#443));
#1804=EDGE_LOOP('',(#444,#445,#446,#447));
#1805=EDGE_LOOP('',(#448,#449,#450,#451));
#1806=EDGE_LOOP('',(#452,#453,#454,#455));
#1807=EDGE_LOOP('',(#456,#457,#458,#459,#460,#461,#462,#463,#464,#465,#466,
#467));
#1808=EDGE_LOOP('',(#468,#469,#470,#471));
#1809=EDGE_LOOP('',(#472,#473,#474,#475,#476,#477,#478,#479,#480,#481,#482,
#483));
#1810=EDGE_LOOP('',(#484,#485,#486,#487));
#1811=EDGE_LOOP('',(#488,#489,#490,#491));
#1812=EDGE_LOOP('',(#492,#493,#494,#495));
#1813=EDGE_LOOP('',(#496,#497,#498,#499));
#1814=EDGE_LOOP('',(#500,#501,#502,#503));
#1815=EDGE_LOOP('',(#504,#505,#506,#507));
#1816=EDGE_LOOP('',(#508,#509,#510,#511));
#1817=EDGE_LOOP('',(#512,#513,#514,#515));
#1818=EDGE_LOOP('',(#516,#517,#518,#519));
#1819=EDGE_LOOP('',(#520,#521,#522,#523));
#1820=EDGE_LOOP('',(#524,#525,#526,#527));
#1821=EDGE_LOOP('',(#528,#529,#530,#531,#532,#533,#534,#535,#536,#537,#538,
#539));
#1822=EDGE_LOOP('',(#540,#541,#542,#543));
#1823=EDGE_LOOP('',(#544,#545,#546,#547,#548,#549,#550,#551,#552,#553,#554,
#555));
#1824=EDGE_LOOP('',(#556,#557,#558,#559));
#1825=EDGE_LOOP('',(#560,#561,#562,#563));
#1826=EDGE_LOOP('',(#564,#565,#566,#567));
#1827=EDGE_LOOP('',(#568,#569,#570,#571));
#1828=EDGE_LOOP('',(#572,#573,#574,#575));
#1829=EDGE_LOOP('',(#576,#577,#578,#579));
#1830=EDGE_LOOP('',(#580,#581,#582,#583));
#1831=EDGE_LOOP('',(#584,#585,#586,#587));
#1832=EDGE_LOOP('',(#588,#589,#590,#591));
#1833=EDGE_LOOP('',(#592,#593,#594,#595));
#1834=EDGE_LOOP('',(#596,#597,#598,#599));
#1835=EDGE_LOOP('',(#600,#601,#602,#603,#604,#605,#606,#607,#608,#609,#610,
#611));
#1836=EDGE_LOOP('',(#612,#613,#614,#615));
#1837=EDGE_LOOP('',(#616,#617,#618,#619,#620,#621,#622,#623,#624,#625,#626,
#627));
#1838=EDGE_LOOP('',(#628,#629,#630,#631));
#1839=EDGE_LOOP('',(#632,#633,#634,#635));
#1840=EDGE_LOOP('',(#636,#637,#638,#639));
#1841=EDGE_LOOP('',(#640,#641,#642,#643));
#1842=EDGE_LOOP('',(#644,#645,#646,#647));
#1843=EDGE_LOOP('',(#648,#649,#650,#651));
#1844=EDGE_LOOP('',(#652,#653,#654,#655));
#1845=EDGE_LOOP('',(#656,#657,#658,#659));
#1846=EDGE_LOOP('',(#660,#661,#662,#663));
#1847=EDGE_LOOP('',(#664,#665,#666,#667));
#1848=EDGE_LOOP('',(#668,#669,#670,#671));
#1849=EDGE_LOOP('',(#672,#673,#674,#675,#676,#677,#678,#679,#680,#681,#682,
#683));
#1850=EDGE_LOOP('',(#684,#685,#686,#687));
#1851=EDGE_LOOP('',(#688,#689,#690,#691,#692,#693,#694,#695,#696,#697,#698,
#699));
#1852=EDGE_LOOP('',(#700,#701,#702,#703));
#1853=EDGE_LOOP('',(#704,#705,#706,#707));
#1854=EDGE_LOOP('',(#708,#709,#710,#711));
#1855=EDGE_LOOP('',(#712,#713,#714,#715));
#1856=EDGE_LOOP('',(#716,#717,#718,#719));
#1857=EDGE_LOOP('',(#720,#721,#722,#723));
#1858=EDGE_LOOP('',(#724,#725,#726,#727));
#1859=EDGE_LOOP('',(#728,#729,#730,#731));
#1860=EDGE_LOOP('',(#732,#733,#734,#735));
#1861=EDGE_LOOP('',(#736,#737,#738,#739));
#1862=FACE_BOUND('',#1740,.T.);
#1863=FACE_BOUND('',#1741,.T.);
#1864=FACE_BOUND('',#1742,.T.);
#1865=FACE_BOUND('',#1743,.T.);
#1866=FACE_BOUND('',#1744,.T.);
#1867=FACE_BOUND('',#1745,.T.);
#1868=FACE_BOUND('',#1746,.T.);
#1869=FACE_BOUND('',#1747,.T.);
#1870=FACE_BOUND('',#1748,.T.);
#1871=FACE_BOUND('',#1749,.T.);
#1872=FACE_BOUND('',#1750,.T.);
#1873=FACE_BOUND('',#1751,.T.);
#1874=FACE_BOUND('',#1752,.T.);
#1875=FACE_BOUND('',#1753,.T.);
#1876=FACE_BOUND('',#1754,.T.);
#1877=FACE_BOUND('',#1755,.T.);
#1878=FACE_BOUND('',#1756,.T.);
#1879=FACE_BOUND('',#1757,.T.);
#1880=FACE_BOUND('',#1758,.T.);
#1881=FACE_BOUND('',#1759,.T.);
#1882=FACE_BOUND('',#1760,.T.);
#1883=FACE_BOUND('',#1761,.T.);
#1884=FACE_BOUND('',#1762,.T.);
#1885=FACE_BOUND('',#1763,.T.);
#1886=FACE_BOUND('',#1764,.T.);
#1887=FACE_BOUND('',#1765,.T.);
#1888=FACE_BOUND('',#1766,.T.);
#1889=FACE_BOUND('',#1767,.T.);
#1890=FACE_BOUND('',#1768,.T.);
#1891=FACE_BOUND('',#1769,.T.);
#1892=FACE_BOUND('',#1770,.T.);
#1893=FACE_BOUND('',#1771,.T.);
#1894=FACE_BOUND('',#1772,.T.);
#1895=FACE_BOUND('',#1773,.T.);
#1896=FACE_BOUND('',#1774,.T.);
#1897=FACE_BOUND('',#1775,.T.);
#1898=FACE_BOUND('',#1776,.T.);
#1899=FACE_BOUND('',#1777,.T.);
#1900=FACE_BOUND('',#1778,.T.);
#1901=FACE_BOUND('',#1779,.T.);
#1902=FACE_BOUND('',#1780,.T.);
#1903=FACE_BOUND('',#1781,.T.);
#1904=FACE_BOUND('',#1782,.T.);
#1905=FACE_BOUND('',#1783,.T.);
#1906=FACE_BOUND('',#1784,.T.);
#1907=FACE_BOUND('',#1785,.T.);
#1908=FACE_BOUND('',#1786,.T.);
#1909=FACE_BOUND('',#1787,.T.);
#1910=FACE_BOUND('',#1788,.T.);
#1911=FACE_BOUND('',#1789,.T.);
#1912=FACE_BOUND('',#1790,.T.);
#1913=FACE_BOUND('',#1791,.T.);
#1914=FACE_BOUND('',#1792,.T.);
#1915=FACE_BOUND('',#1793,.T.);
#1916=FACE_BOUND('',#1794,.T.);
#1917=FACE_BOUND('',#1795,.T.);
#1918=FACE_BOUND('',#1796,.T.);
#1919=FACE_BOUND('',#1797,.T.);
#1920=FACE_BOUND('',#1798,.T.);
#1921=FACE_BOUND('',#1799,.T.);
#1922=FACE_BOUND('',#1800,.T.);
#1923=FACE_BOUND('',#1801,.T.);
#1924=FACE_BOUND('',#1802,.T.);
#1925=FACE_BOUND('',#1803,.T.);
#1926=FACE_BOUND('',#1804,.T.);
#1927=FACE_BOUND('',#1805,.T.);
#1928=FACE_BOUND('',#1806,.T.);
#1929=FACE_BOUND('',#1807,.T.);
#1930=FACE_BOUND('',#1808,.T.);
#1931=FACE_BOUND('',#1809,.T.);
#1932=FACE_BOUND('',#1810,.T.);
#1933=FACE_BOUND('',#1811,.T.);
#1934=FACE_BOUND('',#1812,.T.);
#1935=FACE_BOUND('',#1813,.T.);
#1936=FACE_BOUND('',#1814,.T.);
#1937=FACE_BOUND('',#1815,.T.);
#1938=FACE_BOUND('',#1816,.T.);
#1939=FACE_BOUND('',#1817,.T.);
#1940=FACE_BOUND('',#1818,.T.);
#1941=FACE_BOUND('',#1819,.T.);
#1942=FACE_BOUND('',#1820,.T.);
#1943=FACE_BOUND('',#1821,.T.);
#1944=FACE_BOUND('',#1822,.T.);
#1945=FACE_BOUND('',#1823,.T.);
#1946=FACE_BOUND('',#1824,.T.);
#1947=FACE_BOUND('',#1825,.T.);
#1948=FACE_BOUND('',#1826,.T.);
#1949=FACE_BOUND('',#1827,.T.);
#1950=FACE_BOUND('',#1828,.T.);
#1951=FACE_BOUND('',#1829,.T.);
#1952=FACE_BOUND('',#1830,.T.);
#1953=FACE_BOUND('',#1831,.T.);
#1954=FACE_BOUND('',#1832,.T.);
#1955=FACE_BOUND('',#1833,.T.);
#1956=FACE_BOUND('',#1834,.T.);
#1957=FACE_BOUND('',#1835,.T.);
#1958=FACE_BOUND('',#1836,.T.);
#1959=FACE_BOUND('',#1837,.T.);
#1960=FACE_BOUND('',#1838,.T.);
#1961=FACE_BOUND('',#1839,.T.);
#1962=FACE_BOUND('',#1840,.T.);
#1963=FACE_BOUND('',#1841,.T.);
#1964=FACE_BOUND('',#1842,.T.);
#1965=FACE_BOUND('',#1843,.T.);
#1966=FACE_BOUND('',#1844,.T.);
#1967=FACE_BOUND('',#1845,.T.);
#1968=FACE_BOUND('',#1846,.T.);
#1969=FACE_BOUND('',#1847,.T.);
#1970=FACE_BOUND('',#1848,.T.);
#1971=FACE_BOUND('',#1849,.T.);
#1972=FACE_BOUND('',#1850,.T.);
#1973=FACE_BOUND('',#1851,.T.);
#1974=FACE_BOUND('',#1852,.T.);
#1975=FACE_BOUND('',#1853,.T.);
#1976=FACE_BOUND('',#1854,.T.);
#1977=FACE_BOUND('',#1855,.T.);
#1978=FACE_BOUND('',#1856,.T.);
#1979=FACE_BOUND('',#1857,.T.);
#1980=FACE_BOUND('',#1858,.T.);
#1981=FACE_BOUND('',#1859,.T.);
#1982=FACE_BOUND('',#1860,.T.);
#1983=FACE_BOUND('',#1861,.T.);
#1984=PLANE('',#2298);
#1985=PLANE('',#2299);
#1986=PLANE('',#2304);
#1987=PLANE('',#2305);
#1988=PLANE('',#2310);
#1989=PLANE('',#2312);
#1990=PLANE('',#2314);
#1991=PLANE('',#2315);
#1992=PLANE('',#2317);
#1993=PLANE('',#2319);
#1994=PLANE('',#2321);
#1995=PLANE('',#2322);
#1996=PLANE('',#2327);
#1997=PLANE('',#2328);
#1998=PLANE('',#2333);
#1999=PLANE('',#2335);
#2000=PLANE('',#2337);
#2001=PLANE('',#2338);
#2002=PLANE('',#2340);
#2003=PLANE('',#2342);
#2004=PLANE('',#2344);
#2005=PLANE('',#2345);
#2006=PLANE('',#2346);
#2007=PLANE('',#2347);
#2008=PLANE('',#2348);
#2009=PLANE('',#2349);
#2010=PLANE('',#2350);
#2011=PLANE('',#2351);
#2012=PLANE('',#2352);
#2013=PLANE('',#2353);
#2014=PLANE('',#2355);
#2015=PLANE('',#2356);
#2016=PLANE('',#2361);
#2017=PLANE('',#2362);
#2018=PLANE('',#2367);
#2019=PLANE('',#2369);
#2020=PLANE('',#2371);
#2021=PLANE('',#2372);
#2022=PLANE('',#2374);
#2023=PLANE('',#2376);
#2024=PLANE('',#2378);
#2025=PLANE('',#2379);
#2026=PLANE('',#2384);
#2027=PLANE('',#2385);
#2028=PLANE('',#2390);
#2029=PLANE('',#2392);
#2030=PLANE('',#2394);
#2031=PLANE('',#2395);
#2032=PLANE('',#2397);
#2033=PLANE('',#2399);
#2034=PLANE('',#2401);
#2035=PLANE('',#2402);
#2036=PLANE('',#2407);
#2037=PLANE('',#2408);
#2038=PLANE('',#2413);
#2039=PLANE('',#2415);
#2040=PLANE('',#2417);
#2041=PLANE('',#2418);
#2042=PLANE('',#2420);
#2043=PLANE('',#2422);
#2044=PLANE('',#2424);
#2045=PLANE('',#2425);
#2046=PLANE('',#2430);
#2047=PLANE('',#2431);
#2048=PLANE('',#2436);
#2049=PLANE('',#2438);
#2050=PLANE('',#2440);
#2051=PLANE('',#2441);
#2052=PLANE('',#2443);
#2053=PLANE('',#2445);
#2054=PLANE('',#2447);
#2055=PLANE('',#2448);
#2056=PLANE('',#2453);
#2057=PLANE('',#2454);
#2058=PLANE('',#2459);
#2059=PLANE('',#2461);
#2060=PLANE('',#2463);
#2061=PLANE('',#2464);
#2062=PLANE('',#2466);
#2063=PLANE('',#2468);
#2064=PLANE('',#2470);
#2065=PLANE('',#2471);
#2066=PLANE('',#2476);
#2067=PLANE('',#2477);
#2068=PLANE('',#2482);
#2069=PLANE('',#2484);
#2070=PLANE('',#2486);
#2071=PLANE('',#2487);
#2072=PLANE('',#2489);
#2073=PLANE('',#2491);
#2074=ADVANCED_FACE('',(#1862),#1984,.F.);
#2075=ADVANCED_FACE('',(#1863),#1985,.T.);
#2076=ADVANCED_FACE('',(#1864),#1986,.T.);
#2077=ADVANCED_FACE('',(#1865),#1987,.F.);
#2078=ADVANCED_FACE('',(#1866),#1988,.T.);
#2079=ADVANCED_FACE('',(#1867),#28,.T.);
#2080=ADVANCED_FACE('',(#1868),#1989,.T.);
#2081=ADVANCED_FACE('',(#1869),#29,.F.);
#2082=ADVANCED_FACE('',(#1870),#1990,.T.);
#2083=ADVANCED_FACE('',(#1871),#1991,.F.);
#2084=ADVANCED_FACE('',(#1872),#30,.F.);
#2085=ADVANCED_FACE('',(#1873),#1992,.F.);
#2086=ADVANCED_FACE('',(#1874),#31,.T.);
#2087=ADVANCED_FACE('',(#1875),#1993,.F.);
#2088=ADVANCED_FACE('',(#1876),#1994,.F.);
#2089=ADVANCED_FACE('',(#1877),#1995,.T.);
#2090=ADVANCED_FACE('',(#1878),#1996,.T.);
#2091=ADVANCED_FACE('',(#1879),#1997,.F.);
#2092=ADVANCED_FACE('',(#1880),#1998,.T.);
#2093=ADVANCED_FACE('',(#1881),#32,.T.);
#2094=ADVANCED_FACE('',(#1882),#1999,.T.);
#2095=ADVANCED_FACE('',(#1883),#33,.F.);
#2096=ADVANCED_FACE('',(#1884),#2000,.T.);
#2097=ADVANCED_FACE('',(#1885),#2001,.F.);
#2098=ADVANCED_FACE('',(#1886),#34,.F.);
#2099=ADVANCED_FACE('',(#1887),#2002,.F.);
#2100=ADVANCED_FACE('',(#1888),#35,.T.);
#2101=ADVANCED_FACE('',(#1889),#2003,.F.);
#2102=ADVANCED_FACE('',(#1890),#2004,.T.);
#2103=ADVANCED_FACE('',(#1891),#2005,.T.);
#2104=ADVANCED_FACE('',(#1892),#2006,.T.);
#2105=ADVANCED_FACE('',(#1893),#2007,.T.);
#2106=ADVANCED_FACE('',(#1894),#2008,.F.);
#2107=ADVANCED_FACE('',(#1895),#2009,.T.);
#2108=ADVANCED_FACE('',(#1896),#2010,.T.);
#2109=ADVANCED_FACE('',(#1897),#2011,.T.);
#2110=ADVANCED_FACE('',(#1898),#2012,.T.);
#2111=ADVANCED_FACE('',(#1899),#2013,.F.);
#2112=ADVANCED_FACE('',(#1900),#2014,.F.);
#2113=ADVANCED_FACE('',(#1901),#2015,.T.);
#2114=ADVANCED_FACE('',(#1902),#2016,.T.);
#2115=ADVANCED_FACE('',(#1903),#2017,.F.);
#2116=ADVANCED_FACE('',(#1904),#2018,.T.);
#2117=ADVANCED_FACE('',(#1905),#36,.T.);
#2118=ADVANCED_FACE('',(#1906),#2019,.T.);
#2119=ADVANCED_FACE('',(#1907),#37,.F.);
#2120=ADVANCED_FACE('',(#1908),#2020,.T.);
#2121=ADVANCED_FACE('',(#1909),#2021,.F.);
#2122=ADVANCED_FACE('',(#1910),#38,.F.);
#2123=ADVANCED_FACE('',(#1911),#2022,.F.);
#2124=ADVANCED_FACE('',(#1912),#39,.T.);
#2125=ADVANCED_FACE('',(#1913),#2023,.F.);
#2126=ADVANCED_FACE('',(#1914),#2024,.F.);
#2127=ADVANCED_FACE('',(#1915),#2025,.T.);
#2128=ADVANCED_FACE('',(#1916),#2026,.T.);
#2129=ADVANCED_FACE('',(#1917),#2027,.F.);
#2130=ADVANCED_FACE('',(#1918),#2028,.T.);
#2131=ADVANCED_FACE('',(#1919),#40,.T.);
#2132=ADVANCED_FACE('',(#1920),#2029,.T.);
#2133=ADVANCED_FACE('',(#1921),#41,.F.);
#2134=ADVANCED_FACE('',(#1922),#2030,.T.);
#2135=ADVANCED_FACE('',(#1923),#2031,.F.);
#2136=ADVANCED_FACE('',(#1924),#42,.F.);
#2137=ADVANCED_FACE('',(#1925),#2032,.F.);
#2138=ADVANCED_FACE('',(#1926),#43,.T.);
#2139=ADVANCED_FACE('',(#1927),#2033,.F.);
#2140=ADVANCED_FACE('',(#1928),#2034,.F.);
#2141=ADVANCED_FACE('',(#1929),#2035,.T.);
#2142=ADVANCED_FACE('',(#1930),#2036,.T.);
#2143=ADVANCED_FACE('',(#1931),#2037,.F.);
#2144=ADVANCED_FACE('',(#1932),#2038,.T.);
#2145=ADVANCED_FACE('',(#1933),#44,.T.);
#2146=ADVANCED_FACE('',(#1934),#2039,.T.);
#2147=ADVANCED_FACE('',(#1935),#45,.F.);
#2148=ADVANCED_FACE('',(#1936),#2040,.T.);
#2149=ADVANCED_FACE('',(#1937),#2041,.F.);
#2150=ADVANCED_FACE('',(#1938),#46,.F.);
#2151=ADVANCED_FACE('',(#1939),#2042,.F.);
#2152=ADVANCED_FACE('',(#1940),#47,.T.);
#2153=ADVANCED_FACE('',(#1941),#2043,.F.);
#2154=ADVANCED_FACE('',(#1942),#2044,.F.);
#2155=ADVANCED_FACE('',(#1943),#2045,.T.);
#2156=ADVANCED_FACE('',(#1944),#2046,.T.);
#2157=ADVANCED_FACE('',(#1945),#2047,.F.);
#2158=ADVANCED_FACE('',(#1946),#2048,.T.);
#2159=ADVANCED_FACE('',(#1947),#48,.T.);
#2160=ADVANCED_FACE('',(#1948),#2049,.T.);
#2161=ADVANCED_FACE('',(#1949),#49,.F.);
#2162=ADVANCED_FACE('',(#1950),#2050,.T.);
#2163=ADVANCED_FACE('',(#1951),#2051,.F.);
#2164=ADVANCED_FACE('',(#1952),#50,.F.);
#2165=ADVANCED_FACE('',(#1953),#2052,.F.);
#2166=ADVANCED_FACE('',(#1954),#51,.T.);
#2167=ADVANCED_FACE('',(#1955),#2053,.F.);
#2168=ADVANCED_FACE('',(#1956),#2054,.F.);
#2169=ADVANCED_FACE('',(#1957),#2055,.T.);
#2170=ADVANCED_FACE('',(#1958),#2056,.T.);
#2171=ADVANCED_FACE('',(#1959),#2057,.F.);
#2172=ADVANCED_FACE('',(#1960),#2058,.T.);
#2173=ADVANCED_FACE('',(#1961),#52,.T.);
#2174=ADVANCED_FACE('',(#1962),#2059,.T.);
#2175=ADVANCED_FACE('',(#1963),#53,.F.);
#2176=ADVANCED_FACE('',(#1964),#2060,.T.);
#2177=ADVANCED_FACE('',(#1965),#2061,.F.);
#2178=ADVANCED_FACE('',(#1966),#54,.F.);
#2179=ADVANCED_FACE('',(#1967),#2062,.F.);
#2180=ADVANCED_FACE('',(#1968),#55,.T.);
#2181=ADVANCED_FACE('',(#1969),#2063,.F.);
#2182=ADVANCED_FACE('',(#1970),#2064,.F.);
#2183=ADVANCED_FACE('',(#1971),#2065,.T.);
#2184=ADVANCED_FACE('',(#1972),#2066,.T.);
#2185=ADVANCED_FACE('',(#1973),#2067,.F.);
#2186=ADVANCED_FACE('',(#1974),#2068,.T.);
#2187=ADVANCED_FACE('',(#1975),#56,.T.);
#2188=ADVANCED_FACE('',(#1976),#2069,.T.);
#2189=ADVANCED_FACE('',(#1977),#57,.F.);
#2190=ADVANCED_FACE('',(#1978),#2070,.T.);
#2191=ADVANCED_FACE('',(#1979),#2071,.F.);
#2192=ADVANCED_FACE('',(#1980),#58,.F.);
#2193=ADVANCED_FACE('',(#1981),#2072,.F.);
#2194=ADVANCED_FACE('',(#1982),#59,.T.);
#2195=ADVANCED_FACE('',(#1983),#2073,.F.);
#2196=CLOSED_SHELL('',(#2074,#2075,#2076,#2077,#2078,#2079,#2080,#2081,
#2082,#2083,#2084,#2085,#2086,#2087));
#2197=CLOSED_SHELL('',(#2088,#2089,#2090,#2091,#2092,#2093,#2094,#2095,
#2096,#2097,#2098,#2099,#2100,#2101));
#2198=CLOSED_SHELL('',(#2102,#2103,#2104,#2105,#2106,#2107,#2108,#2109,
#2110,#2111));
#2199=CLOSED_SHELL('',(#2112,#2113,#2114,#2115,#2116,#2117,#2118,#2119,
#2120,#2121,#2122,#2123,#2124,#2125));
#2200=CLOSED_SHELL('',(#2126,#2127,#2128,#2129,#2130,#2131,#2132,#2133,
#2134,#2135,#2136,#2137,#2138,#2139));
#2201=CLOSED_SHELL('',(#2140,#2141,#2142,#2143,#2144,#2145,#2146,#2147,
#2148,#2149,#2150,#2151,#2152,#2153));
#2202=CLOSED_SHELL('',(#2154,#2155,#2156,#2157,#2158,#2159,#2160,#2161,
#2162,#2163,#2164,#2165,#2166,#2167));
#2203=CLOSED_SHELL('',(#2168,#2169,#2170,#2171,#2172,#2173,#2174,#2175,
#2176,#2177,#2178,#2179,#2180,#2181));
#2204=CLOSED_SHELL('',(#2182,#2183,#2184,#2185,#2186,#2187,#2188,#2189,
#2190,#2191,#2192,#2193,#2194,#2195));
#2205=STYLED_ITEM('',(#2214),#2270);
#2206=STYLED_ITEM('',(#2215),#2271);
#2207=STYLED_ITEM('',(#2216),#2272);
#2208=STYLED_ITEM('',(#2217),#2273);
#2209=STYLED_ITEM('',(#2218),#2274);
#2210=STYLED_ITEM('',(#2219),#2275);
#2211=STYLED_ITEM('',(#2220),#2276);
#2212=STYLED_ITEM('',(#2221),#2277);
#2213=STYLED_ITEM('',(#2222),#2278);
#2214=PRESENTATION_STYLE_ASSIGNMENT((#2223));
#2215=PRESENTATION_STYLE_ASSIGNMENT((#2224));
#2216=PRESENTATION_STYLE_ASSIGNMENT((#2225));
#2217=PRESENTATION_STYLE_ASSIGNMENT((#2226));
#2218=PRESENTATION_STYLE_ASSIGNMENT((#2227));
#2219=PRESENTATION_STYLE_ASSIGNMENT((#2228));
#2220=PRESENTATION_STYLE_ASSIGNMENT((#2229));
#2221=PRESENTATION_STYLE_ASSIGNMENT((#2230));
#2222=PRESENTATION_STYLE_ASSIGNMENT((#2231));
#2223=SURFACE_STYLE_USAGE(.BOTH.,#2232);
#2224=SURFACE_STYLE_USAGE(.BOTH.,#2233);
#2225=SURFACE_STYLE_USAGE(.BOTH.,#2234);
#2226=SURFACE_STYLE_USAGE(.BOTH.,#2235);
#2227=SURFACE_STYLE_USAGE(.BOTH.,#2236);
#2228=SURFACE_STYLE_USAGE(.BOTH.,#2237);
#2229=SURFACE_STYLE_USAGE(.BOTH.,#2238);
#2230=SURFACE_STYLE_USAGE(.BOTH.,#2239);
#2231=SURFACE_STYLE_USAGE(.BOTH.,#2240);
#2232=SURFACE_SIDE_STYLE('',(#2241));
#2233=SURFACE_SIDE_STYLE('',(#2242));
#2234=SURFACE_SIDE_STYLE('',(#2243));
#2235=SURFACE_SIDE_STYLE('',(#2244));
#2236=SURFACE_SIDE_STYLE('',(#2245));
#2237=SURFACE_SIDE_STYLE('',(#2246));
#2238=SURFACE_SIDE_STYLE('',(#2247));
#2239=SURFACE_SIDE_STYLE('',(#2248));
#2240=SURFACE_SIDE_STYLE('',(#2249));
#2241=SURFACE_STYLE_FILL_AREA(#2250);
#2242=SURFACE_STYLE_FILL_AREA(#2251);
#2243=SURFACE_STYLE_FILL_AREA(#2252);
#2244=SURFACE_STYLE_FILL_AREA(#2253);
#2245=SURFACE_STYLE_FILL_AREA(#2254);
#2246=SURFACE_STYLE_FILL_AREA(#2255);
#2247=SURFACE_STYLE_FILL_AREA(#2256);
#2248=SURFACE_STYLE_FILL_AREA(#2257);
#2249=SURFACE_STYLE_FILL_AREA(#2258);
#2250=FILL_AREA_STYLE('',(#2259));
#2251=FILL_AREA_STYLE('',(#2260));
#2252=FILL_AREA_STYLE('',(#2261));
#2253=FILL_AREA_STYLE('',(#2262));
#2254=FILL_AREA_STYLE('',(#2263));
#2255=FILL_AREA_STYLE('',(#2264));
#2256=FILL_AREA_STYLE('',(#2265));
#2257=FILL_AREA_STYLE('',(#2266));
#2258=FILL_AREA_STYLE('',(#2267));
#2259=FILL_AREA_STYLE_COLOUR('',#2268);
#2260=FILL_AREA_STYLE_COLOUR('',#2268);
#2261=FILL_AREA_STYLE_COLOUR('',#2269);
#2262=FILL_AREA_STYLE_COLOUR('',#2268);
#2263=FILL_AREA_STYLE_COLOUR('',#2268);
#2264=FILL_AREA_STYLE_COLOUR('',#2268);
#2265=FILL_AREA_STYLE_COLOUR('',#2268);
#2266=FILL_AREA_STYLE_COLOUR('',#2268);
#2267=FILL_AREA_STYLE_COLOUR('',#2268);
#2268=COLOUR_RGB('',0.768627450980392,0.768627450980392,0.768627450980392);
#2269=COLOUR_RGB('',0.176470588235294,0.176470588235294,0.176470588235294);
#2270=MANIFOLD_SOLID_BREP('Part 6',#2196);
#2271=MANIFOLD_SOLID_BREP('Part 7',#2197);
#2272=MANIFOLD_SOLID_BREP('SOT-23-body',#2198);
#2273=MANIFOLD_SOLID_BREP('Part 4',#2199);
#2274=MANIFOLD_SOLID_BREP('Part 8',#2200);
#2275=MANIFOLD_SOLID_BREP('SOT-23-c2',#2201);
#2276=MANIFOLD_SOLID_BREP('SOT-23-c5',#2202);
#2277=MANIFOLD_SOLID_BREP('Part 5',#2203);
#2278=MANIFOLD_SOLID_BREP('Part 9',#2204);
#2279=SHAPE_DEFINITION_REPRESENTATION(#3823,#2288);
#2280=SHAPE_DEFINITION_REPRESENTATION(#3824,#2289);
#2281=SHAPE_DEFINITION_REPRESENTATION(#3825,#2290);
#2282=SHAPE_DEFINITION_REPRESENTATION(#3826,#2291);
#2283=SHAPE_DEFINITION_REPRESENTATION(#3827,#2292);
#2284=SHAPE_DEFINITION_REPRESENTATION(#3828,#2293);
#2285=SHAPE_DEFINITION_REPRESENTATION(#3829,#2294);
#2286=SHAPE_DEFINITION_REPRESENTATION(#3830,#2295);
#2287=SHAPE_DEFINITION_REPRESENTATION(#3831,#2296);
#2288=SHAPE_REPRESENTATION('Part 6',(#2297),#3778);
#2289=SHAPE_REPRESENTATION('Part 7',(#2320),#3779);
#2290=SHAPE_REPRESENTATION('SOT-23-body',(#2343),#3780);
#2291=SHAPE_REPRESENTATION('Part 4',(#2354),#3781);
#2292=SHAPE_REPRESENTATION('Part 8',(#2377),#3782);
#2293=SHAPE_REPRESENTATION('SOT-23-c2',(#2400),#3783);
#2294=SHAPE_REPRESENTATION('SOT-23-c5',(#2423),#3784);
#2295=SHAPE_REPRESENTATION('Part 5',(#2446),#3785);
#2296=SHAPE_REPRESENTATION('Part 9',(#2469),#3786);
#2297=AXIS2_PLACEMENT_3D('',#3126,#2492,#2493);
#2298=AXIS2_PLACEMENT_3D('',#3127,#2494,#2495);
#2299=AXIS2_PLACEMENT_3D('',#3136,#2500,#2501);
#2300=AXIS2_PLACEMENT_3D('',#3140,#2503,#2504);
#2301=AXIS2_PLACEMENT_3D('',#3144,#2506,#2507);
#2302=AXIS2_PLACEMENT_3D('',#3149,#2510,#2511);
#2303=AXIS2_PLACEMENT_3D('',#3153,#2513,#2514);
#2304=AXIS2_PLACEMENT_3D('',#3158,#2517,#2518);
#2305=AXIS2_PLACEMENT_3D('',#3164,#2522,#2523);
#2306=AXIS2_PLACEMENT_3D('',#3165,#2524,#2525);
#2307=AXIS2_PLACEMENT_3D('',#3170,#2527,#2528);
#2308=AXIS2_PLACEMENT_3D('',#3175,#2531,#2532);
#2309=AXIS2_PLACEMENT_3D('',#3179,#2534,#2535);
#2310=AXIS2_PLACEMENT_3D('',#3183,#2538,#2539);
#2311=AXIS2_PLACEMENT_3D('',#3185,#2541,#2542);
#2312=AXIS2_PLACEMENT_3D('',#3187,#2544,#2545);
#2313=AXIS2_PLACEMENT_3D('',#3189,#2547,#2548);
#2314=AXIS2_PLACEMENT_3D('',#3191,#2550,#2551);
#2315=AXIS2_PLACEMENT_3D('',#3192,#2552,#2553);
#2316=AXIS2_PLACEMENT_3D('',#3194,#2555,#2556);
#2317=AXIS2_PLACEMENT_3D('',#3196,#2558,#2559);
#2318=AXIS2_PLACEMENT_3D('',#3198,#2561,#2562);
#2319=AXIS2_PLACEMENT_3D('',#3200,#2564,#2565);
#2320=AXIS2_PLACEMENT_3D('',#3201,#2566,#2567);
#2321=AXIS2_PLACEMENT_3D('',#3202,#2568,#2569);
#2322=AXIS2_PLACEMENT_3D('',#3211,#2574,#2575);
#2323=AXIS2_PLACEMENT_3D('',#3219,#2579,#2580);
#2324=AXIS2_PLACEMENT_3D('',#3223,#2582,#2583);
#2325=AXIS2_PLACEMENT_3D('',#3228,#2586,#2587);
#2326=AXIS2_PLACEMENT_3D('',#3232,#2589,#2590);
#2327=AXIS2_PLACEMENT_3D('',#3233,#2591,#2592);
#2328=AXIS2_PLACEMENT_3D('',#3239,#2596,#2597);
#2329=AXIS2_PLACEMENT_3D('',#3240,#2598,#2599);
#2330=AXIS2_PLACEMENT_3D('',#3246,#2602,#2603);
#2331=AXIS2_PLACEMENT_3D('',#3250,#2605,#2606);
#2332=AXIS2_PLACEMENT_3D('',#3255,#2609,#2610);
#2333=AXIS2_PLACEMENT_3D('',#3258,#2612,#2613);
#2334=AXIS2_PLACEMENT_3D('',#3260,#2615,#2616);
#2335=AXIS2_PLACEMENT_3D('',#3262,#2618,#2619);
#2336=AXIS2_PLACEMENT_3D('',#3264,#2621,#2622);
#2337=AXIS2_PLACEMENT_3D('',#3266,#2624,#2625);
#2338=AXIS2_PLACEMENT_3D('',#3267,#2626,#2627);
#2339=AXIS2_PLACEMENT_3D('',#3269,#2629,#2630);
#2340=AXIS2_PLACEMENT_3D('',#3271,#2632,#2633);
#2341=AXIS2_PLACEMENT_3D('',#3273,#2635,#2636);
#2342=AXIS2_PLACEMENT_3D('',#3275,#2638,#2639);
#2343=AXIS2_PLACEMENT_3D('',#3276,#2640,#2641);
#2344=AXIS2_PLACEMENT_3D('',#3277,#2642,#2643);
#2345=AXIS2_PLACEMENT_3D('',#3286,#2648,#2649);
#2346=AXIS2_PLACEMENT_3D('',#3292,#2653,#2654);
#2347=AXIS2_PLACEMENT_3D('',#3298,#2658,#2659);
#2348=AXIS2_PLACEMENT_3D('',#3301,#2662,#2663);
#2349=AXIS2_PLACEMENT_3D('',#3302,#2664,#2665);
#2350=AXIS2_PLACEMENT_3D('',#3308,#2669,#2670);
#2351=AXIS2_PLACEMENT_3D('',#3312,#2673,#2674);
#2352=AXIS2_PLACEMENT_3D('',#3316,#2677,#2678);
#2353=AXIS2_PLACEMENT_3D('',#3318,#2680,#2681);
#2354=AXIS2_PLACEMENT_3D('',#3319,#2682,#2683);
#2355=AXIS2_PLACEMENT_3D('',#3320,#2684,#2685);
#2356=AXIS2_PLACEMENT_3D('',#3329,#2690,#2691);
#2357=AXIS2_PLACEMENT_3D('',#3333,#2693,#2694);
#2358=AXIS2_PLACEMENT_3D('',#3337,#2696,#2697);
#2359=AXIS2_PLACEMENT_3D('',#3342,#2700,#2701);
#2360=AXIS2_PLACEMENT_3D('',#3346,#2703,#2704);
#2361=AXIS2_PLACEMENT_3D('',#3351,#2707,#2708);
#2362=AXIS2_PLACEMENT_3D('',#3357,#2712,#2713);
#2363=AXIS2_PLACEMENT_3D('',#3358,#2714,#2715);
#2364=AXIS2_PLACEMENT_3D('',#3363,#2717,#2718);
#2365=AXIS2_PLACEMENT_3D('',#3368,#2721,#2722);
#2366=AXIS2_PLACEMENT_3D('',#3372,#2724,#2725);
#2367=AXIS2_PLACEMENT_3D('',#3376,#2728,#2729);
#2368=AXIS2_PLACEMENT_3D('',#3378,#2731,#2732);
#2369=AXIS2_PLACEMENT_3D('',#3380,#2734,#2735);
#2370=AXIS2_PLACEMENT_3D('',#3382,#2737,#2738);
#2371=AXIS2_PLACEMENT_3D('',#3384,#2740,#2741);
#2372=AXIS2_PLACEMENT_3D('',#3385,#2742,#2743);
#2373=AXIS2_PLACEMENT_3D('',#3387,#2745,#2746);
#2374=AXIS2_PLACEMENT_3D('',#3389,#2748,#2749);
#2375=AXIS2_PLACEMENT_3D('',#3391,#2751,#2752);
#2376=AXIS2_PLACEMENT_3D('',#3393,#2754,#2755);
#2377=AXIS2_PLACEMENT_3D('',#3394,#2756,#2757);
#2378=AXIS2_PLACEMENT_3D('',#3395,#2758,#2759);
#2379=AXIS2_PLACEMENT_3D('',#3404,#2764,#2765);
#2380=AXIS2_PLACEMENT_3D('',#3408,#2767,#2768);
#2381=AXIS2_PLACEMENT_3D('',#3412,#2770,#2771);
#2382=AXIS2_PLACEMENT_3D('',#3417,#2774,#2775);
#2383=AXIS2_PLACEMENT_3D('',#3421,#2777,#2778);
#2384=AXIS2_PLACEMENT_3D('',#3426,#2781,#2782);
#2385=AXIS2_PLACEMENT_3D('',#3432,#2786,#2787);
#2386=AXIS2_PLACEMENT_3D('',#3433,#2788,#2789);
#2387=AXIS2_PLACEMENT_3D('',#3438,#2791,#2792);
#2388=AXIS2_PLACEMENT_3D('',#3443,#2795,#2796);
#2389=AXIS2_PLACEMENT_3D('',#3447,#2798,#2799);
#2390=AXIS2_PLACEMENT_3D('',#3451,#2802,#2803);
#2391=AXIS2_PLACEMENT_3D('',#3453,#2805,#2806);
#2392=AXIS2_PLACEMENT_3D('',#3455,#2808,#2809);
#2393=AXIS2_PLACEMENT_3D('',#3457,#2811,#2812);
#2394=AXIS2_PLACEMENT_3D('',#3459,#2814,#2815);
#2395=AXIS2_PLACEMENT_3D('',#3460,#2816,#2817);
#2396=AXIS2_PLACEMENT_3D('',#3462,#2819,#2820);
#2397=AXIS2_PLACEMENT_3D('',#3464,#2822,#2823);
#2398=AXIS2_PLACEMENT_3D('',#3466,#2825,#2826);
#2399=AXIS2_PLACEMENT_3D('',#3468,#2828,#2829);
#2400=AXIS2_PLACEMENT_3D('',#3469,#2830,#2831);
#2401=AXIS2_PLACEMENT_3D('',#3470,#2832,#2833);
#2402=AXIS2_PLACEMENT_3D('',#3479,#2838,#2839);
#2403=AXIS2_PLACEMENT_3D('',#3487,#2843,#2844);
#2404=AXIS2_PLACEMENT_3D('',#3491,#2846,#2847);
#2405=AXIS2_PLACEMENT_3D('',#3496,#2850,#2851);
#2406=AXIS2_PLACEMENT_3D('',#3500,#2853,#2854);
#2407=AXIS2_PLACEMENT_3D('',#3501,#2855,#2856);
#2408=AXIS2_PLACEMENT_3D('',#3507,#2860,#2861);
#2409=AXIS2_PLACEMENT_3D('',#3508,#2862,#2863);
#2410=AXIS2_PLACEMENT_3D('',#3514,#2866,#2867);
#2411=AXIS2_PLACEMENT_3D('',#3518,#2869,#2870);
#2412=AXIS2_PLACEMENT_3D('',#3523,#2873,#2874);
#2413=AXIS2_PLACEMENT_3D('',#3526,#2876,#2877);
#2414=AXIS2_PLACEMENT_3D('',#3528,#2879,#2880);
#2415=AXIS2_PLACEMENT_3D('',#3530,#2882,#2883);
#2416=AXIS2_PLACEMENT_3D('',#3532,#2885,#2886);
#2417=AXIS2_PLACEMENT_3D('',#3534,#2888,#2889);
#2418=AXIS2_PLACEMENT_3D('',#3535,#2890,#2891);
#2419=AXIS2_PLACEMENT_3D('',#3537,#2893,#2894);
#2420=AXIS2_PLACEMENT_3D('',#3539,#2896,#2897);
#2421=AXIS2_PLACEMENT_3D('',#3541,#2899,#2900);
#2422=AXIS2_PLACEMENT_3D('',#3543,#2902,#2903);
#2423=AXIS2_PLACEMENT_3D('',#3544,#2904,#2905);
#2424=AXIS2_PLACEMENT_3D('',#3545,#2906,#2907);
#2425=AXIS2_PLACEMENT_3D('',#3554,#2912,#2913);
#2426=AXIS2_PLACEMENT_3D('',#3558,#2915,#2916);
#2427=AXIS2_PLACEMENT_3D('',#3562,#2918,#2919);
#2428=AXIS2_PLACEMENT_3D('',#3567,#2922,#2923);
#2429=AXIS2_PLACEMENT_3D('',#3571,#2925,#2926);
#2430=AXIS2_PLACEMENT_3D('',#3576,#2929,#2930);
#2431=AXIS2_PLACEMENT_3D('',#3582,#2934,#2935);
#2432=AXIS2_PLACEMENT_3D('',#3583,#2936,#2937);
#2433=AXIS2_PLACEMENT_3D('',#3588,#2939,#2940);
#2434=AXIS2_PLACEMENT_3D('',#3593,#2943,#2944);
#2435=AXIS2_PLACEMENT_3D('',#3597,#2946,#2947);
#2436=AXIS2_PLACEMENT_3D('',#3601,#2950,#2951);
#2437=AXIS2_PLACEMENT_3D('',#3603,#2953,#2954);
#2438=AXIS2_PLACEMENT_3D('',#3605,#2956,#2957);
#2439=AXIS2_PLACEMENT_3D('',#3607,#2959,#2960);
#2440=AXIS2_PLACEMENT_3D('',#3609,#2962,#2963);
#2441=AXIS2_PLACEMENT_3D('',#3610,#2964,#2965);
#2442=AXIS2_PLACEMENT_3D('',#3612,#2967,#2968);
#2443=AXIS2_PLACEMENT_3D('',#3614,#2970,#2971);
#2444=AXIS2_PLACEMENT_3D('',#3616,#2973,#2974);
#2445=AXIS2_PLACEMENT_3D('',#3618,#2976,#2977);
#2446=AXIS2_PLACEMENT_3D('',#3619,#2978,#2979);
#2447=AXIS2_PLACEMENT_3D('',#3620,#2980,#2981);
#2448=AXIS2_PLACEMENT_3D('',#3629,#2986,#2987);
#2449=AXIS2_PLACEMENT_3D('',#3637,#2991,#2992);
#2450=AXIS2_PLACEMENT_3D('',#3641,#2994,#2995);
#2451=AXIS2_PLACEMENT_3D('',#3646,#2998,#2999);
#2452=AXIS2_PLACEMENT_3D('',#3650,#3001,#3002);
#2453=AXIS2_PLACEMENT_3D('',#3651,#3003,#3004);
#2454=AXIS2_PLACEMENT_3D('',#3657,#3008,#3009);
#2455=AXIS2_PLACEMENT_3D('',#3658,#3010,#3011);
#2456=AXIS2_PLACEMENT_3D('',#3664,#3014,#3015);
#2457=AXIS2_PLACEMENT_3D('',#3668,#3017,#3018);
#2458=AXIS2_PLACEMENT_3D('',#3673,#3021,#3022);
#2459=AXIS2_PLACEMENT_3D('',#3676,#3024,#3025);
#2460=AXIS2_PLACEMENT_3D('',#3678,#3027,#3028);
#2461=AXIS2_PLACEMENT_3D('',#3680,#3030,#3031);
#2462=AXIS2_PLACEMENT_3D('',#3682,#3033,#3034);
#2463=AXIS2_PLACEMENT_3D('',#3684,#3036,#3037);
#2464=AXIS2_PLACEMENT_3D('',#3685,#3038,#3039);
#2465=AXIS2_PLACEMENT_3D('',#3687,#3041,#3042);
#2466=AXIS2_PLACEMENT_3D('',#3689,#3044,#3045);
#2467=AXIS2_PLACEMENT_3D('',#3691,#3047,#3048);
#2468=AXIS2_PLACEMENT_3D('',#3693,#3050,#3051);
#2469=AXIS2_PLACEMENT_3D('',#3694,#3052,#3053);
#2470=AXIS2_PLACEMENT_3D('',#3695,#3054,#3055);
#2471=AXIS2_PLACEMENT_3D('',#3704,#3060,#3061);
#2472=AXIS2_PLACEMENT_3D('',#3712,#3065,#3066);
#2473=AXIS2_PLACEMENT_3D('',#3716,#3068,#3069);
#2474=AXIS2_PLACEMENT_3D('',#3721,#3072,#3073);
#2475=AXIS2_PLACEMENT_3D('',#3725,#3075,#3076);
#2476=AXIS2_PLACEMENT_3D('',#3726,#3077,#3078);
#2477=AXIS2_PLACEMENT_3D('',#3732,#3082,#3083);
#2478=AXIS2_PLACEMENT_3D('',#3733,#3084,#3085);
#2479=AXIS2_PLACEMENT_3D('',#3739,#3088,#3089);
#2480=AXIS2_PLACEMENT_3D('',#3743,#3091,#3092);
#2481=AXIS2_PLACEMENT_3D('',#3748,#3095,#3096);
#2482=AXIS2_PLACEMENT_3D('',#3751,#3098,#3099);
#2483=AXIS2_PLACEMENT_3D('',#3753,#3101,#3102);
#2484=AXIS2_PLACEMENT_3D('',#3755,#3104,#3105);
#2485=AXIS2_PLACEMENT_3D('',#3757,#3107,#3108);
#2486=AXIS2_PLACEMENT_3D('',#3759,#3110,#3111);
#2487=AXIS2_PLACEMENT_3D('',#3760,#3112,#3113);
#2488=AXIS2_PLACEMENT_3D('',#3762,#3115,#3116);
#2489=AXIS2_PLACEMENT_3D('',#3764,#3118,#3119);
#2490=AXIS2_PLACEMENT_3D('',#3766,#3121,#3122);
#2491=AXIS2_PLACEMENT_3D('',#3768,#3124,#3125);
#2492=DIRECTION('',(0.,0.,1.));
#2493=DIRECTION('',(1.,0.,0.));
#2494=DIRECTION('',(-1.,0.,0.));
#2495=DIRECTION('',(0.,-1.,0.));
#2496=DIRECTION('',(0.,0.,1.));
#2497=DIRECTION('',(0.,-1.,0.));
#2498=DIRECTION('',(0.,0.,1.));
#2499=DIRECTION('',(0.,1.,0.));
#2500=DIRECTION('',(0.,1.,0.));
#2501=DIRECTION('',(-1.,0.,-1.22464679914735E-16));
#2502=DIRECTION('',(1.,0.,1.22464679914735E-16));
#2503=DIRECTION('',(0.,-1.,0.));
#2504=DIRECTION('',(0.,0.,-1.));
#2505=DIRECTION('',(0.0871557427476583,0.,-0.996194698091746));
#2506=DIRECTION('',(0.,-1.,0.));
#2507=DIRECTION('',(0.,0.,-1.));
#2508=DIRECTION('',(1.,0.,0.));
#2509=DIRECTION('',(1.,0.,0.));
#2510=DIRECTION('',(0.,-1.,0.));
#2511=DIRECTION('',(-0.996194698091746,0.,-0.0871557427476583));
#2512=DIRECTION('',(-0.0871557427476583,0.,0.996194698091746));
#2513=DIRECTION('',(0.,-1.,0.));
#2514=DIRECTION('',(0.996194698091746,0.,0.0871557427476582));
#2515=DIRECTION('',(-1.,0.,-1.22464679914735E-16));
#2516=DIRECTION('',(-1.22464679914735E-16,0.,1.));
#2517=DIRECTION('',(-1.,0.,-1.22464679914735E-16));
#2518=DIRECTION('',(0.,-1.,0.));
#2519=DIRECTION('',(0.,-1.,0.));
#2520=DIRECTION('',(-1.22464679914735E-16,0.,1.));
#2521=DIRECTION('',(0.,1.,0.));
#2522=DIRECTION('',(0.,1.,0.));
#2523=DIRECTION('',(0.,0.,1.));
#2524=DIRECTION('',(0.,-1.,0.));
#2525=DIRECTION('',(0.996194698091746,0.,0.0871557427476582));
#2526=DIRECTION('',(-0.0871557427476583,0.,0.996194698091746));
#2527=DIRECTION('',(0.,-1.,0.));
#2528=DIRECTION('',(-0.996194698091746,0.,-0.0871557427476583));
#2529=DIRECTION('',(1.,0.,0.));
#2530=DIRECTION('',(1.,0.,0.));
#2531=DIRECTION('',(0.,-1.,0.));
#2532=DIRECTION('',(0.,0.,-1.));
#2533=DIRECTION('',(0.0871557427476583,0.,-0.996194698091746));
#2534=DIRECTION('',(0.,-1.,0.));
#2535=DIRECTION('',(0.,0.,-1.));
#2536=DIRECTION('',(1.,0.,1.22464679914735E-16));
#2537=DIRECTION('',(-1.,0.,-1.22464679914735E-16));
#2538=DIRECTION('',(-1.22464679914735E-16,0.,1.));
#2539=DIRECTION('',(1.,0.,1.22464679914735E-16));
#2540=DIRECTION('',(0.,-1.,0.));
#2541=DIRECTION('',(0.,-1.,0.));
#2542=DIRECTION('',(0.,0.,-1.));
#2543=DIRECTION('',(0.,1.,0.));
#2544=DIRECTION('',(0.996194698091746,0.,0.0871557427476583));
#2545=DIRECTION('',(0.0871557427476583,0.,-0.996194698091746));
#2546=DIRECTION('',(0.,-1.,0.));
#2547=DIRECTION('',(0.,-1.,0.));
#2548=DIRECTION('',(0.,0.,-1.));
#2549=DIRECTION('',(0.,1.,0.));
#2550=DIRECTION('',(0.,0.,1.));
#2551=DIRECTION('',(1.,0.,0.));
#2552=DIRECTION('',(-1.22464679914735E-16,0.,1.));
#2553=DIRECTION('',(1.,0.,1.22464679914735E-16));
#2554=DIRECTION('',(0.,-1.,0.));
#2555=DIRECTION('',(0.,-1.,0.));
#2556=DIRECTION('',(0.,0.,-1.));
#2557=DIRECTION('',(0.,-1.,0.));
#2558=DIRECTION('',(0.996194698091746,0.,0.0871557427476583));
#2559=DIRECTION('',(0.0871557427476583,0.,-0.996194698091746));
#2560=DIRECTION('',(0.,-1.,0.));
#2561=DIRECTION('',(0.,-1.,0.));
#2562=DIRECTION('',(0.,0.,-1.));
#2563=DIRECTION('',(0.,-1.,0.));
#2564=DIRECTION('',(0.,0.,1.));
#2565=DIRECTION('',(1.,0.,0.));
#2566=DIRECTION('',(0.,0.,1.));
#2567=DIRECTION('',(1.,0.,0.));
#2568=DIRECTION('',(1.,0.,0.));
#2569=DIRECTION('',(0.,-1.,0.));
#2570=DIRECTION('',(0.,0.,1.));
#2571=DIRECTION('',(0.,1.,0.));
#2572=DIRECTION('',(0.,0.,1.));
#2573=DIRECTION('',(0.,-1.,0.));
#2574=DIRECTION('',(0.,1.,0.));
#2575=DIRECTION('',(1.,0.,-1.22464679914735E-16));
#2576=DIRECTION('',(-1.,0.,1.22464679914735E-16));
#2577=DIRECTION('',(1.22464679914735E-16,0.,1.));
#2578=DIRECTION('',(1.,0.,-1.22464679914735E-16));
#2579=DIRECTION('',(0.,1.,0.));
#2580=DIRECTION('',(-0.996194698091746,0.,0.0871557427476582));
#2581=DIRECTION('',(0.0871557427476583,0.,0.996194698091746));
#2582=DIRECTION('',(0.,1.,0.));
#2583=DIRECTION('',(0.996194698091746,0.,-0.0871557427476583));
#2584=DIRECTION('',(-1.,0.,0.));
#2585=DIRECTION('',(-1.,0.,0.));
#2586=DIRECTION('',(0.,1.,0.));
#2587=DIRECTION('',(0.,0.,-1.));
#2588=DIRECTION('',(-0.0871557427476583,0.,-0.996194698091746));
#2589=DIRECTION('',(0.,1.,0.));
#2590=DIRECTION('',(0.,0.,-1.));
#2591=DIRECTION('',(1.,0.,-1.22464679914735E-16));
#2592=DIRECTION('',(0.,-1.,0.));
#2593=DIRECTION('',(0.,1.,0.));
#2594=DIRECTION('',(1.22464679914735E-16,0.,1.));
#2595=DIRECTION('',(0.,-1.,0.));
#2596=DIRECTION('',(0.,1.,0.));
#2597=DIRECTION('',(0.,0.,1.));
#2598=DIRECTION('',(0.,1.,0.));
#2599=DIRECTION('',(-0.996194698091746,0.,0.0871557427476582));
#2600=DIRECTION('',(1.,0.,-1.22464679914735E-16));
#2601=DIRECTION('',(-1.,0.,1.22464679914735E-16));
#2602=DIRECTION('',(0.,1.,0.));
#2603=DIRECTION('',(0.,0.,-1.));
#2604=DIRECTION('',(-0.0871557427476583,0.,-0.996194698091746));
#2605=DIRECTION('',(0.,1.,0.));
#2606=DIRECTION('',(0.,0.,-1.));
#2607=DIRECTION('',(-1.,0.,0.));
#2608=DIRECTION('',(-1.,0.,0.));
#2609=DIRECTION('',(0.,1.,0.));
#2610=DIRECTION('',(0.996194698091746,0.,-0.0871557427476583));
#2611=DIRECTION('',(0.0871557427476583,0.,0.996194698091746));
#2612=DIRECTION('',(1.22464679914735E-16,0.,1.));
#2613=DIRECTION('',(-1.,0.,1.22464679914735E-16));
#2614=DIRECTION('',(0.,-1.,0.));
#2615=DIRECTION('',(0.,-1.,0.));
#2616=DIRECTION('',(0.,0.,-1.));
#2617=DIRECTION('',(0.,1.,0.));
#2618=DIRECTION('',(-0.996194698091746,0.,0.0871557427476583));
#2619=DIRECTION('',(-0.0871557427476583,0.,-0.996194698091746));
#2620=DIRECTION('',(0.,-1.,0.));
#2621=DIRECTION('',(0.,-1.,0.));
#2622=DIRECTION('',(0.,0.,-1.));
#2623=DIRECTION('',(0.,1.,0.));
#2624=DIRECTION('',(0.,0.,1.));
#2625=DIRECTION('',(-1.,0.,0.));
#2626=DIRECTION('',(1.22464679914735E-16,0.,1.));
#2627=DIRECTION('',(-1.,0.,1.22464679914735E-16));
#2628=DIRECTION('',(0.,-1.,0.));
#2629=DIRECTION('',(0.,-1.,0.));
#2630=DIRECTION('',(0.,0.,-1.));
#2631=DIRECTION('',(0.,-1.,0.));
#2632=DIRECTION('',(-0.996194698091746,0.,0.0871557427476583));
#2633=DIRECTION('',(-0.0871557427476583,0.,-0.996194698091746));
#2634=DIRECTION('',(0.,-1.,0.));
#2635=DIRECTION('',(0.,-1.,0.));
#2636=DIRECTION('',(0.,0.,-1.));
#2637=DIRECTION('',(0.,-1.,0.));
#2638=DIRECTION('',(0.,0.,1.));
#2639=DIRECTION('',(-1.,0.,0.));
#2640=DIRECTION('',(0.,0.,1.));
#2641=DIRECTION('',(1.,0.,0.));
#2642=DIRECTION('',(-0.99026806874157,1.81909293102329E-16,-0.139173100960065));
#2643=DIRECTION('',(-0.139173100960065,0.,0.99026806874157));
#2644=DIRECTION('',(1.83697019872103E-16,1.,0.));
#2645=DIRECTION('',(0.137844537491629,0.137844537491629,-0.980814848463989));
#2646=DIRECTION('',(1.83697019872103E-16,1.,0.));
#2647=DIRECTION('',(-0.137844537491629,0.137844537491629,0.980814848463989));
#2648=DIRECTION('',(0.,-0.99026806874157,-0.139173100960065));
#2649=DIRECTION('',(0.,0.139173100960065,-0.99026806874157));
#2650=DIRECTION('',(-1.,0.,0.));
#2651=DIRECTION('',(0.137844537491629,-0.137844537491629,0.980814848463989));
#2652=DIRECTION('',(-1.,0.,0.));
#2653=DIRECTION('',(0.99026806874157,-1.81909293102329E-16,-0.139173100960065));
#2654=DIRECTION('',(-0.139173100960065,0.,-0.99026806874157));
#2655=DIRECTION('',(-1.83697019872103E-16,-1.,0.));
#2656=DIRECTION('',(-0.137844537491629,-0.137844537491629,-0.980814848463989));
#2657=DIRECTION('',(-1.83697019872103E-16,-1.,0.));
#2658=DIRECTION('',(0.,0.99026806874157,-0.139173100960065));
#2659=DIRECTION('',(0.,0.139173100960065,0.99026806874157));
#2660=DIRECTION('',(1.,0.,0.));
#2661=DIRECTION('',(1.,0.,0.));
#2662=DIRECTION('',(0.,0.,1.));
#2663=DIRECTION('',(1.,0.,0.));
#2664=DIRECTION('',(-0.99026806874157,1.81909293102329E-16,0.139173100960065));
#2665=DIRECTION('',(-0.139173100960065,0.,-0.99026806874157));
#2666=DIRECTION('',(1.83697019872103E-16,1.,0.));
#2667=DIRECTION('',(-0.137844537491629,0.137844537491629,-0.980814848463989));
#2668=DIRECTION('',(0.137844537491629,0.137844537491629,0.980814848463989));
#2669=DIRECTION('',(0.,-0.99026806874157,0.139173100960065));
#2670=DIRECTION('',(0.,0.139173100960065,0.99026806874157));
#2671=DIRECTION('',(-1.,0.,0.));
#2672=DIRECTION('',(0.137844537491629,-0.137844537491629,-0.980814848463989));
#2673=DIRECTION('',(0.99026806874157,-1.81909293102329E-16,0.139173100960065));
#2674=DIRECTION('',(-0.139173100960065,0.,0.99026806874157));
#2675=DIRECTION('',(-1.83697019872103E-16,-1.,0.));
#2676=DIRECTION('',(-0.137844537491629,-0.137844537491629,0.980814848463989));
#2677=DIRECTION('',(0.,0.99026806874157,0.139173100960065));
#2678=DIRECTION('',(0.,0.139173100960065,-0.99026806874157));
#2679=DIRECTION('',(1.,0.,0.));
#2680=DIRECTION('',(0.,0.,-1.));
#2681=DIRECTION('',(1.,0.,0.));
#2682=DIRECTION('',(0.,0.,1.));
#2683=DIRECTION('',(1.,0.,0.));
#2684=DIRECTION('',(-1.,0.,0.));
#2685=DIRECTION('',(0.,-1.,0.));
#2686=DIRECTION('',(0.,0.,1.));
#2687=DIRECTION('',(0.,-1.,0.));
#2688=DIRECTION('',(0.,0.,1.));
#2689=DIRECTION('',(0.,1.,0.));
#2690=DIRECTION('',(0.,1.,0.));
#2691=DIRECTION('',(-1.,0.,-1.22464679914735E-16));
#2692=DIRECTION('',(1.,0.,1.22464679914735E-16));
#2693=DIRECTION('',(0.,-1.,0.));
#2694=DIRECTION('',(0.,0.,-1.));
#2695=DIRECTION('',(0.0871557427476583,0.,-0.996194698091746));
#2696=DIRECTION('',(0.,-1.,0.));
#2697=DIRECTION('',(0.,0.,-1.));
#2698=DIRECTION('',(1.,0.,0.));
#2699=DIRECTION('',(1.,0.,0.));
#2700=DIRECTION('',(0.,-1.,0.));
#2701=DIRECTION('',(-0.996194698091746,0.,-0.0871557427476583));
#2702=DIRECTION('',(-0.0871557427476583,0.,0.996194698091746));
#2703=DIRECTION('',(0.,-1.,0.));
#2704=DIRECTION('',(0.996194698091746,0.,0.0871557427476582));
#2705=DIRECTION('',(-1.,0.,-1.22464679914735E-16));
#2706=DIRECTION('',(-1.22464679914735E-16,0.,1.));
#2707=DIRECTION('',(-1.,0.,-1.22464679914735E-16));
#2708=DIRECTION('',(0.,-1.,0.));
#2709=DIRECTION('',(0.,-1.,0.));
#2710=DIRECTION('',(-1.22464679914735E-16,0.,1.));
#2711=DIRECTION('',(0.,1.,0.));
#2712=DIRECTION('',(0.,1.,0.));
#2713=DIRECTION('',(0.,0.,1.));
#2714=DIRECTION('',(0.,-1.,0.));
#2715=DIRECTION('',(0.996194698091746,0.,0.0871557427476582));
#2716=DIRECTION('',(-0.0871557427476583,0.,0.996194698091746));
#2717=DIRECTION('',(0.,-1.,0.));
#2718=DIRECTION('',(-0.996194698091746,0.,-0.0871557427476583));
#2719=DIRECTION('',(1.,0.,0.));
#2720=DIRECTION('',(1.,0.,0.));
#2721=DIRECTION('',(0.,-1.,0.));
#2722=DIRECTION('',(0.,0.,-1.));
#2723=DIRECTION('',(0.0871557427476583,0.,-0.996194698091746));
#2724=DIRECTION('',(0.,-1.,0.));
#2725=DIRECTION('',(0.,0.,-1.));
#2726=DIRECTION('',(1.,0.,1.22464679914735E-16));
#2727=DIRECTION('',(-1.,0.,-1.22464679914735E-16));
#2728=DIRECTION('',(-1.22464679914735E-16,0.,1.));
#2729=DIRECTION('',(1.,0.,1.22464679914735E-16));
#2730=DIRECTION('',(0.,-1.,0.));
#2731=DIRECTION('',(0.,-1.,0.));
#2732=DIRECTION('',(0.,0.,-1.));
#2733=DIRECTION('',(0.,1.,0.));
#2734=DIRECTION('',(0.996194698091746,0.,0.0871557427476583));
#2735=DIRECTION('',(0.0871557427476583,0.,-0.996194698091746));
#2736=DIRECTION('',(0.,-1.,0.));
#2737=DIRECTION('',(0.,-1.,0.));
#2738=DIRECTION('',(0.,0.,-1.));
#2739=DIRECTION('',(0.,1.,0.));
#2740=DIRECTION('',(0.,0.,1.));
#2741=DIRECTION('',(1.,0.,0.));
#2742=DIRECTION('',(-1.22464679914735E-16,0.,1.));
#2743=DIRECTION('',(1.,0.,1.22464679914735E-16));
#2744=DIRECTION('',(0.,-1.,0.));
#2745=DIRECTION('',(0.,-1.,0.));
#2746=DIRECTION('',(0.,0.,-1.));
#2747=DIRECTION('',(0.,-1.,0.));
#2748=DIRECTION('',(0.996194698091746,0.,0.0871557427476583));
#2749=DIRECTION('',(0.0871557427476583,0.,-0.996194698091746));
#2750=DIRECTION('',(0.,-1.,0.));
#2751=DIRECTION('',(0.,-1.,0.));
#2752=DIRECTION('',(0.,0.,-1.));
#2753=DIRECTION('',(0.,-1.,0.));
#2754=DIRECTION('',(0.,0.,1.));
#2755=DIRECTION('',(1.,0.,0.));
#2756=DIRECTION('',(0.,0.,1.));
#2757=DIRECTION('',(1.,0.,0.));
#2758=DIRECTION('',(-1.,0.,0.));
#2759=DIRECTION('',(0.,-1.,0.));
#2760=DIRECTION('',(0.,0.,1.));
#2761=DIRECTION('',(0.,-1.,0.));
#2762=DIRECTION('',(0.,0.,1.));
#2763=DIRECTION('',(0.,1.,0.));
#2764=DIRECTION('',(0.,1.,0.));
#2765=DIRECTION('',(-1.,0.,-1.22464679914735E-16));
#2766=DIRECTION('',(1.,0.,1.22464679914735E-16));
#2767=DIRECTION('',(0.,-1.,0.));
#2768=DIRECTION('',(0.,0.,-1.));
#2769=DIRECTION('',(0.0871557427476583,0.,-0.996194698091746));
#2770=DIRECTION('',(0.,-1.,0.));
#2771=DIRECTION('',(0.,0.,-1.));
#2772=DIRECTION('',(1.,0.,0.));
#2773=DIRECTION('',(1.,0.,0.));
#2774=DIRECTION('',(0.,-1.,0.));
#2775=DIRECTION('',(-0.996194698091746,0.,-0.0871557427476583));
#2776=DIRECTION('',(-0.0871557427476583,0.,0.996194698091746));
#2777=DIRECTION('',(0.,-1.,0.));
#2778=DIRECTION('',(0.996194698091746,0.,0.0871557427476582));
#2779=DIRECTION('',(-1.,0.,-1.22464679914735E-16));
#2780=DIRECTION('',(-1.22464679914735E-16,0.,1.));
#2781=DIRECTION('',(-1.,0.,-1.22464679914735E-16));
#2782=DIRECTION('',(0.,-1.,0.));
#2783=DIRECTION('',(0.,-1.,0.));
#2784=DIRECTION('',(-1.22464679914735E-16,0.,1.));
#2785=DIRECTION('',(0.,1.,0.));
#2786=DIRECTION('',(0.,1.,0.));
#2787=DIRECTION('',(0.,0.,1.));
#2788=DIRECTION('',(0.,-1.,0.));
#2789=DIRECTION('',(0.996194698091746,0.,0.0871557427476582));
#2790=DIRECTION('',(-0.0871557427476583,0.,0.996194698091746));
#2791=DIRECTION('',(0.,-1.,0.));
#2792=DIRECTION('',(-0.996194698091746,0.,-0.0871557427476583));
#2793=DIRECTION('',(1.,0.,0.));
#2794=DIRECTION('',(1.,0.,0.));
#2795=DIRECTION('',(0.,-1.,0.));
#2796=DIRECTION('',(0.,0.,-1.));
#2797=DIRECTION('',(0.0871557427476583,0.,-0.996194698091746));
#2798=DIRECTION('',(0.,-1.,0.));
#2799=DIRECTION('',(0.,0.,-1.));
#2800=DIRECTION('',(1.,0.,1.22464679914735E-16));
#2801=DIRECTION('',(-1.,0.,-1.22464679914735E-16));
#2802=DIRECTION('',(-1.22464679914735E-16,0.,1.));
#2803=DIRECTION('',(1.,0.,1.22464679914735E-16));
#2804=DIRECTION('',(0.,-1.,0.));
#2805=DIRECTION('',(0.,-1.,0.));
#2806=DIRECTION('',(0.,0.,-1.));
#2807=DIRECTION('',(0.,1.,0.));
#2808=DIRECTION('',(0.996194698091746,0.,0.0871557427476583));
#2809=DIRECTION('',(0.0871557427476583,0.,-0.996194698091746));
#2810=DIRECTION('',(0.,-1.,0.));
#2811=DIRECTION('',(0.,-1.,0.));
#2812=DIRECTION('',(0.,0.,-1.));
#2813=DIRECTION('',(0.,1.,0.));
#2814=DIRECTION('',(0.,0.,1.));
#2815=DIRECTION('',(1.,0.,0.));
#2816=DIRECTION('',(-1.22464679914735E-16,0.,1.));
#2817=DIRECTION('',(1.,0.,1.22464679914735E-16));
#2818=DIRECTION('',(0.,-1.,0.));
#2819=DIRECTION('',(0.,-1.,0.));
#2820=DIRECTION('',(0.,0.,-1.));
#2821=DIRECTION('',(0.,-1.,0.));
#2822=DIRECTION('',(0.996194698091746,0.,0.0871557427476583));
#2823=DIRECTION('',(0.0871557427476583,0.,-0.996194698091746));
#2824=DIRECTION('',(0.,-1.,0.));
#2825=DIRECTION('',(0.,-1.,0.));
#2826=DIRECTION('',(0.,0.,-1.));
#2827=DIRECTION('',(0.,-1.,0.));
#2828=DIRECTION('',(0.,0.,1.));
#2829=DIRECTION('',(1.,0.,0.));
#2830=DIRECTION('',(0.,0.,1.));
#2831=DIRECTION('',(1.,0.,0.));
#2832=DIRECTION('',(1.,0.,0.));
#2833=DIRECTION('',(0.,-1.,0.));
#2834=DIRECTION('',(0.,0.,1.));
#2835=DIRECTION('',(0.,1.,0.));
#2836=DIRECTION('',(0.,0.,1.));
#2837=DIRECTION('',(0.,-1.,0.));
#2838=DIRECTION('',(0.,1.,0.));
#2839=DIRECTION('',(1.,0.,-1.22464679914735E-16));
#2840=DIRECTION('',(-1.,0.,1.22464679914735E-16));
#2841=DIRECTION('',(1.22464679914735E-16,0.,1.));
#2842=DIRECTION('',(1.,0.,-1.22464679914735E-16));
#2843=DIRECTION('',(0.,1.,0.));
#2844=DIRECTION('',(-0.996194698091746,0.,0.0871557427476582));
#2845=DIRECTION('',(0.0871557427476583,0.,0.996194698091746));
#2846=DIRECTION('',(0.,1.,0.));
#2847=DIRECTION('',(0.996194698091746,0.,-0.0871557427476583));
#2848=DIRECTION('',(-1.,0.,0.));
#2849=DIRECTION('',(-1.,0.,0.));
#2850=DIRECTION('',(0.,1.,0.));
#2851=DIRECTION('',(0.,0.,-1.));
#2852=DIRECTION('',(-0.0871557427476583,0.,-0.996194698091746));
#2853=DIRECTION('',(0.,1.,0.));
#2854=DIRECTION('',(0.,0.,-1.));
#2855=DIRECTION('',(1.,0.,-1.22464679914735E-16));
#2856=DIRECTION('',(0.,-1.,0.));
#2857=DIRECTION('',(0.,1.,0.));
#2858=DIRECTION('',(1.22464679914735E-16,0.,1.));
#2859=DIRECTION('',(0.,-1.,0.));
#2860=DIRECTION('',(0.,1.,0.));
#2861=DIRECTION('',(0.,0.,1.));
#2862=DIRECTION('',(0.,1.,0.));
#2863=DIRECTION('',(-0.996194698091746,0.,0.0871557427476582));
#2864=DIRECTION('',(1.,0.,-1.22464679914735E-16));
#2865=DIRECTION('',(-1.,0.,1.22464679914735E-16));
#2866=DIRECTION('',(0.,1.,0.));
#2867=DIRECTION('',(0.,0.,-1.));
#2868=DIRECTION('',(-0.0871557427476583,0.,-0.996194698091746));
#2869=DIRECTION('',(0.,1.,0.));
#2870=DIRECTION('',(0.,0.,-1.));
#2871=DIRECTION('',(-1.,0.,0.));
#2872=DIRECTION('',(-1.,0.,0.));
#2873=DIRECTION('',(0.,1.,0.));
#2874=DIRECTION('',(0.996194698091746,0.,-0.0871557427476583));
#2875=DIRECTION('',(0.0871557427476583,0.,0.996194698091746));
#2876=DIRECTION('',(1.22464679914735E-16,0.,1.));
#2877=DIRECTION('',(-1.,0.,1.22464679914735E-16));
#2878=DIRECTION('',(0.,-1.,0.));
#2879=DIRECTION('',(0.,-1.,0.));
#2880=DIRECTION('',(0.,0.,-1.));
#2881=DIRECTION('',(0.,1.,0.));
#2882=DIRECTION('',(-0.996194698091746,0.,0.0871557427476583));
#2883=DIRECTION('',(-0.0871557427476583,0.,-0.996194698091746));
#2884=DIRECTION('',(0.,-1.,0.));
#2885=DIRECTION('',(0.,-1.,0.));
#2886=DIRECTION('',(0.,0.,-1.));
#2887=DIRECTION('',(0.,1.,0.));
#2888=DIRECTION('',(0.,0.,1.));
#2889=DIRECTION('',(-1.,0.,0.));
#2890=DIRECTION('',(1.22464679914735E-16,0.,1.));
#2891=DIRECTION('',(-1.,0.,1.22464679914735E-16));
#2892=DIRECTION('',(0.,-1.,0.));
#2893=DIRECTION('',(0.,-1.,0.));
#2894=DIRECTION('',(0.,0.,-1.));
#2895=DIRECTION('',(0.,-1.,0.));
#2896=DIRECTION('',(-0.996194698091746,0.,0.0871557427476583));
#2897=DIRECTION('',(-0.0871557427476583,0.,-0.996194698091746));
#2898=DIRECTION('',(0.,-1.,0.));
#2899=DIRECTION('',(0.,-1.,0.));
#2900=DIRECTION('',(0.,0.,-1.));
#2901=DIRECTION('',(0.,-1.,0.));
#2902=DIRECTION('',(0.,0.,1.));
#2903=DIRECTION('',(-1.,0.,0.));
#2904=DIRECTION('',(0.,0.,1.));
#2905=DIRECTION('',(1.,0.,0.));
#2906=DIRECTION('',(-1.,0.,0.));
#2907=DIRECTION('',(0.,-1.,0.));
#2908=DIRECTION('',(0.,0.,1.));
#2909=DIRECTION('',(0.,-1.,0.));
#2910=DIRECTION('',(0.,0.,1.));
#2911=DIRECTION('',(0.,1.,0.));
#2912=DIRECTION('',(0.,1.,0.));
#2913=DIRECTION('',(-1.,0.,-1.22464679914735E-16));
#2914=DIRECTION('',(1.,0.,1.22464679914735E-16));
#2915=DIRECTION('',(0.,-1.,0.));
#2916=DIRECTION('',(0.,0.,-1.));
#2917=DIRECTION('',(0.0871557427476583,0.,-0.996194698091746));
#2918=DIRECTION('',(0.,-1.,0.));
#2919=DIRECTION('',(0.,0.,-1.));
#2920=DIRECTION('',(1.,0.,0.));
#2921=DIRECTION('',(1.,0.,0.));
#2922=DIRECTION('',(0.,-1.,0.));
#2923=DIRECTION('',(-0.996194698091746,0.,-0.0871557427476583));
#2924=DIRECTION('',(-0.0871557427476583,0.,0.996194698091746));
#2925=DIRECTION('',(0.,-1.,0.));
#2926=DIRECTION('',(0.996194698091746,0.,0.0871557427476582));
#2927=DIRECTION('',(-1.,0.,-1.22464679914735E-16));
#2928=DIRECTION('',(-1.22464679914735E-16,0.,1.));
#2929=DIRECTION('',(-1.,0.,-1.22464679914735E-16));
#2930=DIRECTION('',(0.,-1.,0.));
#2931=DIRECTION('',(0.,-1.,0.));
#2932=DIRECTION('',(-1.22464679914735E-16,0.,1.));
#2933=DIRECTION('',(0.,1.,0.));
#2934=DIRECTION('',(0.,1.,0.));
#2935=DIRECTION('',(0.,0.,1.));
#2936=DIRECTION('',(0.,-1.,0.));
#2937=DIRECTION('',(0.996194698091746,0.,0.0871557427476582));
#2938=DIRECTION('',(-0.0871557427476583,0.,0.996194698091746));
#2939=DIRECTION('',(0.,-1.,0.));
#2940=DIRECTION('',(-0.996194698091746,0.,-0.0871557427476583));
#2941=DIRECTION('',(1.,0.,0.));
#2942=DIRECTION('',(1.,0.,0.));
#2943=DIRECTION('',(0.,-1.,0.));
#2944=DIRECTION('',(0.,0.,-1.));
#2945=DIRECTION('',(0.0871557427476583,0.,-0.996194698091746));
#2946=DIRECTION('',(0.,-1.,0.));
#2947=DIRECTION('',(0.,0.,-1.));
#2948=DIRECTION('',(1.,0.,1.22464679914735E-16));
#2949=DIRECTION('',(-1.,0.,-1.22464679914735E-16));
#2950=DIRECTION('',(-1.22464679914735E-16,0.,1.));
#2951=DIRECTION('',(1.,0.,1.22464679914735E-16));
#2952=DIRECTION('',(0.,-1.,0.));
#2953=DIRECTION('',(0.,-1.,0.));
#2954=DIRECTION('',(0.,0.,-1.));
#2955=DIRECTION('',(0.,1.,0.));
#2956=DIRECTION('',(0.996194698091746,0.,0.0871557427476583));
#2957=DIRECTION('',(0.0871557427476583,0.,-0.996194698091746));
#2958=DIRECTION('',(0.,-1.,0.));
#2959=DIRECTION('',(0.,-1.,0.));
#2960=DIRECTION('',(0.,0.,-1.));
#2961=DIRECTION('',(0.,1.,0.));
#2962=DIRECTION('',(0.,0.,1.));
#2963=DIRECTION('',(1.,0.,0.));
#2964=DIRECTION('',(-1.22464679914735E-16,0.,1.));
#2965=DIRECTION('',(1.,0.,1.22464679914735E-16));
#2966=DIRECTION('',(0.,-1.,0.));
#2967=DIRECTION('',(0.,-1.,0.));
#2968=DIRECTION('',(0.,0.,-1.));
#2969=DIRECTION('',(0.,-1.,0.));
#2970=DIRECTION('',(0.996194698091746,0.,0.0871557427476583));
#2971=DIRECTION('',(0.0871557427476583,0.,-0.996194698091746));
#2972=DIRECTION('',(0.,-1.,0.));
#2973=DIRECTION('',(0.,-1.,0.));
#2974=DIRECTION('',(0.,0.,-1.));
#2975=DIRECTION('',(0.,-1.,0.));
#2976=DIRECTION('',(0.,0.,1.));
#2977=DIRECTION('',(1.,0.,0.));
#2978=DIRECTION('',(0.,0.,1.));
#2979=DIRECTION('',(1.,0.,0.));
#2980=DIRECTION('',(1.,0.,0.));
#2981=DIRECTION('',(0.,-1.,0.));
#2982=DIRECTION('',(0.,0.,1.));
#2983=DIRECTION('',(0.,1.,0.));
#2984=DIRECTION('',(0.,0.,1.));
#2985=DIRECTION('',(0.,-1.,0.));
#2986=DIRECTION('',(0.,1.,0.));
#2987=DIRECTION('',(1.,0.,-1.22464679914735E-16));
#2988=DIRECTION('',(-1.,0.,1.22464679914735E-16));
#2989=DIRECTION('',(1.22464679914735E-16,0.,1.));
#2990=DIRECTION('',(1.,0.,-1.22464679914735E-16));
#2991=DIRECTION('',(0.,1.,0.));
#2992=DIRECTION('',(-0.996194698091746,0.,0.0871557427476582));
#2993=DIRECTION('',(0.0871557427476583,0.,0.996194698091746));
#2994=DIRECTION('',(0.,1.,0.));
#2995=DIRECTION('',(0.996194698091746,0.,-0.0871557427476583));
#2996=DIRECTION('',(-1.,0.,0.));
#2997=DIRECTION('',(-1.,0.,0.));
#2998=DIRECTION('',(0.,1.,0.));
#2999=DIRECTION('',(0.,0.,-1.));
#3000=DIRECTION('',(-0.0871557427476583,0.,-0.996194698091746));
#3001=DIRECTION('',(0.,1.,0.));
#3002=DIRECTION('',(0.,0.,-1.));
#3003=DIRECTION('',(1.,0.,-1.22464679914735E-16));
#3004=DIRECTION('',(0.,-1.,0.));
#3005=DIRECTION('',(0.,1.,0.));
#3006=DIRECTION('',(1.22464679914735E-16,0.,1.));
#3007=DIRECTION('',(0.,-1.,0.));
#3008=DIRECTION('',(0.,1.,0.));
#3009=DIRECTION('',(0.,0.,1.));
#3010=DIRECTION('',(0.,1.,0.));
#3011=DIRECTION('',(-0.996194698091746,0.,0.0871557427476582));
#3012=DIRECTION('',(1.,0.,-1.22464679914735E-16));
#3013=DIRECTION('',(-1.,0.,1.22464679914735E-16));
#3014=DIRECTION('',(0.,1.,0.));
#3015=DIRECTION('',(0.,0.,-1.));
#3016=DIRECTION('',(-0.0871557427476583,0.,-0.996194698091746));
#3017=DIRECTION('',(0.,1.,0.));
#3018=DIRECTION('',(0.,0.,-1.));
#3019=DIRECTION('',(-1.,0.,0.));
#3020=DIRECTION('',(-1.,0.,0.));
#3021=DIRECTION('',(0.,1.,0.));
#3022=DIRECTION('',(0.996194698091746,0.,-0.0871557427476583));
#3023=DIRECTION('',(0.0871557427476583,0.,0.996194698091746));
#3024=DIRECTION('',(1.22464679914735E-16,0.,1.));
#3025=DIRECTION('',(-1.,0.,1.22464679914735E-16));
#3026=DIRECTION('',(0.,-1.,0.));
#3027=DIRECTION('',(0.,-1.,0.));
#3028=DIRECTION('',(0.,0.,-1.));
#3029=DIRECTION('',(0.,1.,0.));
#3030=DIRECTION('',(-0.996194698091746,0.,0.0871557427476583));
#3031=DIRECTION('',(-0.0871557427476583,0.,-0.996194698091746));
#3032=DIRECTION('',(0.,-1.,0.));
#3033=DIRECTION('',(0.,-1.,0.));
#3034=DIRECTION('',(0.,0.,-1.));
#3035=DIRECTION('',(0.,1.,0.));
#3036=DIRECTION('',(0.,0.,1.));
#3037=DIRECTION('',(-1.,0.,0.));
#3038=DIRECTION('',(1.22464679914735E-16,0.,1.));
#3039=DIRECTION('',(-1.,0.,1.22464679914735E-16));
#3040=DIRECTION('',(0.,-1.,0.));
#3041=DIRECTION('',(0.,-1.,0.));
#3042=DIRECTION('',(0.,0.,-1.));
#3043=DIRECTION('',(0.,-1.,0.));
#3044=DIRECTION('',(-0.996194698091746,0.,0.0871557427476583));
#3045=DIRECTION('',(-0.0871557427476583,0.,-0.996194698091746));
#3046=DIRECTION('',(0.,-1.,0.));
#3047=DIRECTION('',(0.,-1.,0.));
#3048=DIRECTION('',(0.,0.,-1.));
#3049=DIRECTION('',(0.,-1.,0.));
#3050=DIRECTION('',(0.,0.,1.));
#3051=DIRECTION('',(-1.,0.,0.));
#3052=DIRECTION('',(0.,0.,1.));
#3053=DIRECTION('',(1.,0.,0.));
#3054=DIRECTION('',(1.,0.,0.));
#3055=DIRECTION('',(0.,-1.,0.));
#3056=DIRECTION('',(0.,0.,1.));
#3057=DIRECTION('',(0.,1.,0.));
#3058=DIRECTION('',(0.,0.,1.));
#3059=DIRECTION('',(0.,-1.,0.));
#3060=DIRECTION('',(0.,1.,0.));
#3061=DIRECTION('',(1.,0.,-1.22464679914735E-16));
#3062=DIRECTION('',(-1.,0.,1.22464679914735E-16));
#3063=DIRECTION('',(1.22464679914735E-16,0.,1.));
#3064=DIRECTION('',(1.,0.,-1.22464679914735E-16));
#3065=DIRECTION('',(0.,1.,0.));
#3066=DIRECTION('',(-0.996194698091746,0.,0.0871557427476582));
#3067=DIRECTION('',(0.0871557427476583,0.,0.996194698091746));
#3068=DIRECTION('',(0.,1.,0.));
#3069=DIRECTION('',(0.996194698091746,0.,-0.0871557427476583));
#3070=DIRECTION('',(-1.,0.,0.));
#3071=DIRECTION('',(-1.,0.,0.));
#3072=DIRECTION('',(0.,1.,0.));
#3073=DIRECTION('',(0.,0.,-1.));
#3074=DIRECTION('',(-0.0871557427476583,0.,-0.996194698091746));
#3075=DIRECTION('',(0.,1.,0.));
#3076=DIRECTION('',(0.,0.,-1.));
#3077=DIRECTION('',(1.,0.,-1.22464679914735E-16));
#3078=DIRECTION('',(0.,-1.,0.));
#3079=DIRECTION('',(0.,1.,0.));
#3080=DIRECTION('',(1.22464679914735E-16,0.,1.));
#3081=DIRECTION('',(0.,-1.,0.));
#3082=DIRECTION('',(0.,1.,0.));
#3083=DIRECTION('',(0.,0.,1.));
#3084=DIRECTION('',(0.,1.,0.));
#3085=DIRECTION('',(-0.996194698091746,0.,0.0871557427476582));
#3086=DIRECTION('',(1.,0.,-1.22464679914735E-16));
#3087=DIRECTION('',(-1.,0.,1.22464679914735E-16));
#3088=DIRECTION('',(0.,1.,0.));
#3089=DIRECTION('',(0.,0.,-1.));
#3090=DIRECTION('',(-0.0871557427476583,0.,-0.996194698091746));
#3091=DIRECTION('',(0.,1.,0.));
#3092=DIRECTION('',(0.,0.,-1.));
#3093=DIRECTION('',(-1.,0.,0.));
#3094=DIRECTION('',(-1.,0.,0.));
#3095=DIRECTION('',(0.,1.,0.));
#3096=DIRECTION('',(0.996194698091746,0.,-0.0871557427476583));
#3097=DIRECTION('',(0.0871557427476583,0.,0.996194698091746));
#3098=DIRECTION('',(1.22464679914735E-16,0.,1.));
#3099=DIRECTION('',(-1.,0.,1.22464679914735E-16));
#3100=DIRECTION('',(0.,-1.,0.));
#3101=DIRECTION('',(0.,-1.,0.));
#3102=DIRECTION('',(0.,0.,-1.));
#3103=DIRECTION('',(0.,1.,0.));
#3104=DIRECTION('',(-0.996194698091746,0.,0.0871557427476583));
#3105=DIRECTION('',(-0.0871557427476583,0.,-0.996194698091746));
#3106=DIRECTION('',(0.,-1.,0.));
#3107=DIRECTION('',(0.,-1.,0.));
#3108=DIRECTION('',(0.,0.,-1.));
#3109=DIRECTION('',(0.,1.,0.));
#3110=DIRECTION('',(0.,0.,1.));
#3111=DIRECTION('',(-1.,0.,0.));
#3112=DIRECTION('',(1.22464679914735E-16,0.,1.));
#3113=DIRECTION('',(-1.,0.,1.22464679914735E-16));
#3114=DIRECTION('',(0.,-1.,0.));
#3115=DIRECTION('',(0.,-1.,0.));
#3116=DIRECTION('',(0.,0.,-1.));
#3117=DIRECTION('',(0.,-1.,0.));
#3118=DIRECTION('',(-0.996194698091746,0.,0.0871557427476583));
#3119=DIRECTION('',(-0.0871557427476583,0.,-0.996194698091746));
#3120=DIRECTION('',(0.,-1.,0.));
#3121=DIRECTION('',(0.,-1.,0.));
#3122=DIRECTION('',(0.,0.,-1.));
#3123=DIRECTION('',(0.,-1.,0.));
#3124=DIRECTION('',(0.,0.,1.));
#3125=DIRECTION('',(-1.,0.,0.));
#3126=CARTESIAN_POINT('',(0.,0.,0.));
#3127=CARTESIAN_POINT('',(0.00145,0.0005825,5.05424202717973E-31));
#3128=CARTESIAN_POINT('',(0.00145,0.0002175,5.05424202717973E-31));
#3129=CARTESIAN_POINT('',(0.00145,0.0002175,5.05424202717973E-31));
#3130=CARTESIAN_POINT('',(0.00145,0.0002175,5.E-5));
#3131=CARTESIAN_POINT('',(0.00145,0.0005825,5.05424202717973E-31));
#3132=CARTESIAN_POINT('',(0.00145,0.0005825,5.05424202717973E-31));
#3133=CARTESIAN_POINT('',(0.00145,0.0005825,5.05424202717973E-31));
#3134=CARTESIAN_POINT('',(0.00145,0.0005825,5.E-5));
#3135=CARTESIAN_POINT('',(0.00145,0.0005825,5.E-5));
#3136=CARTESIAN_POINT('',(0.000735945916529764,0.0005825,0.0008));
#3137=CARTESIAN_POINT('',(0.000735945916529764,0.0005825,0.00085));
#3138=CARTESIAN_POINT('',(0.000996742834375776,0.0005825,0.00085));
#3139=CARTESIAN_POINT('',(0.000285945916529751,0.0005825,0.00085));
#3140=CARTESIAN_POINT('',(0.000996742834375776,0.0005825,0.0007));
#3141=CARTESIAN_POINT('',(0.00114617203908954,0.0005825,0.000713073361412149));
#3142=CARTESIAN_POINT('',(0.00118007117421539,0.0005825,0.000325604473905225));
#3143=CARTESIAN_POINT('',(0.00120019026509541,0.0005825,9.56422128626169E-5));
#3144=CARTESIAN_POINT('',(0.00125,0.0005825,0.0001));
#3145=CARTESIAN_POINT('',(0.00125,0.0005825,5.E-5));
#3146=CARTESIAN_POINT('',(0.00115296681770387,0.0005825,5.E-5));
#3147=CARTESIAN_POINT('',(0.00115296681770387,0.0005825,5.05424202717973E-31));
#3148=CARTESIAN_POINT('',(0.00125,0.0005825,3.3881317890172E-19));
#3149=CARTESIAN_POINT('',(0.00125,0.0005825,0.0001));
#3150=CARTESIAN_POINT('',(0.00115038053019083,0.0005825,9.12844257252341E-5));
#3151=CARTESIAN_POINT('',(0.00113026143931081,0.0005825,0.000321246686767842));
#3152=CARTESIAN_POINT('',(0.00109636230418495,0.0005825,0.000708715574274766));
#3153=CARTESIAN_POINT('',(0.000996742834375776,0.0005825,0.0007));
#3154=CARTESIAN_POINT('',(0.000996742834375776,0.0005825,0.0008));
#3155=CARTESIAN_POINT('',(0.000735945916529764,0.0005825,0.0008));
#3156=CARTESIAN_POINT('',(0.000285945916529751,0.0005825,0.0008));
#3157=CARTESIAN_POINT('',(0.000285945916529751,0.0005825,0.0008));
#3158=CARTESIAN_POINT('',(0.000285945916529751,0.0005825,0.0008));
#3159=CARTESIAN_POINT('',(0.000285945916529751,0.0005825,0.0008));
#3160=CARTESIAN_POINT('',(0.000285945916529751,0.0002175,0.0008));
#3161=CARTESIAN_POINT('',(0.000285945916529751,0.0002175,0.0008));
#3162=CARTESIAN_POINT('',(0.000285945916529751,0.0002175,0.00085));
#3163=CARTESIAN_POINT('',(0.000285945916529751,0.0005825,0.00085));
#3164=CARTESIAN_POINT('',(0.000996742834375776,0.0002175,0.0007));
#3165=CARTESIAN_POINT('',(0.000996742834375776,0.0002175,0.0007));
#3166=CARTESIAN_POINT('',(0.00109636230418495,0.0002175,0.000708715574274766));
#3167=CARTESIAN_POINT('',(0.000996742834375776,0.0002175,0.0008));
#3168=CARTESIAN_POINT('',(0.00113026143931081,0.0002175,0.000321246686767842));
#3169=CARTESIAN_POINT('',(0.00115038053019083,0.0002175,9.12844257252341E-5));
#3170=CARTESIAN_POINT('',(0.00125,0.0002175,0.0001));
#3171=CARTESIAN_POINT('',(0.00125,0.0002175,3.3881317890172E-19));
#3172=CARTESIAN_POINT('',(0.00115296681770387,0.0002175,5.05424202717973E-31));
#3173=CARTESIAN_POINT('',(0.00115296681770387,0.0002175,5.E-5));
#3174=CARTESIAN_POINT('',(0.00125,0.0002175,5.E-5));
#3175=CARTESIAN_POINT('',(0.00125,0.0002175,0.0001));
#3176=CARTESIAN_POINT('',(0.00120019026509541,0.0002175,9.56422128626171E-5));
#3177=CARTESIAN_POINT('',(0.00118007117421539,0.0002175,0.000325604473905225));
#3178=CARTESIAN_POINT('',(0.00114617203908954,0.0002175,0.000713073361412149));
#3179=CARTESIAN_POINT('',(0.000996742834375776,0.0002175,0.0007));
#3180=CARTESIAN_POINT('',(0.000996742834375776,0.0002175,0.00085));
#3181=CARTESIAN_POINT('',(0.000735945916529764,0.0002175,0.00085));
#3182=CARTESIAN_POINT('',(0.000735945916529764,0.0002175,0.0008));
#3183=CARTESIAN_POINT('',(0.000735945916529764,0.0005825,0.00085));
#3184=CARTESIAN_POINT('',(0.000996742834375776,0.0005825,0.00085));
#3185=CARTESIAN_POINT('',(0.000996742834375776,0.0005825,0.0007));
#3186=CARTESIAN_POINT('',(0.00114617203908954,0.0005825,0.000713073361412149));
#3187=CARTESIAN_POINT('',(0.00118007117421539,0.0005825,0.000325604473905225));
#3188=CARTESIAN_POINT('',(0.00120019026509541,0.0005825,9.56422128626171E-5));
#3189=CARTESIAN_POINT('',(0.00125,0.0005825,0.0001));
#3190=CARTESIAN_POINT('',(0.00125,0.0005825,5.E-5));
#3191=CARTESIAN_POINT('',(0.00115296681770387,0.0005825,5.E-5));
#3192=CARTESIAN_POINT('',(0.000735945916529764,0.0005825,0.0008));
#3193=CARTESIAN_POINT('',(0.000996742834375776,0.0005825,0.0008));
#3194=CARTESIAN_POINT('',(0.000996742834375776,0.0005825,0.0007));
#3195=CARTESIAN_POINT('',(0.00109636230418495,0.0005825,0.000708715574274766));
#3196=CARTESIAN_POINT('',(0.00113026143931081,0.0005825,0.000321246686767842));
#3197=CARTESIAN_POINT('',(0.00115038053019083,0.0005825,9.12844257252341E-5));
#3198=CARTESIAN_POINT('',(0.00125,0.0005825,0.0001));
#3199=CARTESIAN_POINT('',(0.00125,0.0005825,3.3881317890172E-19));
#3200=CARTESIAN_POINT('',(0.00115296681770387,0.0005825,5.05424202717973E-31));
#3201=CARTESIAN_POINT('',(0.,0.,0.));
#3202=CARTESIAN_POINT('',(-0.00145,0.0005825,5.05424202717973E-31));
#3203=CARTESIAN_POINT('',(-0.00145,0.0002175,5.05424202717973E-31));
#3204=CARTESIAN_POINT('',(-0.00145,0.0002175,5.05424202717973E-31));
#3205=CARTESIAN_POINT('',(-0.00145,0.0002175,5.E-5));
#3206=CARTESIAN_POINT('',(-0.00145,0.0005825,5.E-5));
#3207=CARTESIAN_POINT('',(-0.00145,0.0005825,5.E-5));
#3208=CARTESIAN_POINT('',(-0.00145,0.0005825,5.05424202717973E-31));
#3209=CARTESIAN_POINT('',(-0.00145,0.0005825,5.05424202717973E-31));
#3210=CARTESIAN_POINT('',(-0.00145,0.0005825,5.05424202717973E-31));
#3211=CARTESIAN_POINT('',(-0.000735945916529763,0.0005825,0.0008));
#3212=CARTESIAN_POINT('',(-0.000735945916529763,0.0005825,0.00085));
#3213=CARTESIAN_POINT('',(-0.000996742834375776,0.0005825,0.00085));
#3214=CARTESIAN_POINT('',(-0.000285945916529751,0.0005825,0.00085));
#3215=CARTESIAN_POINT('',(-0.000285945916529751,0.0005825,0.0008));
#3216=CARTESIAN_POINT('',(-0.000285945916529751,0.0005825,0.0008));
#3217=CARTESIAN_POINT('',(-0.000735945916529763,0.0005825,0.0008));
#3218=CARTESIAN_POINT('',(-0.000996742834375776,0.0005825,0.0008));
#3219=CARTESIAN_POINT('',(-0.000996742834375776,0.0005825,0.0007));
#3220=CARTESIAN_POINT('',(-0.00109636230418495,0.0005825,0.000708715574274766));
#3221=CARTESIAN_POINT('',(-0.00113026143931081,0.0005825,0.000321246686767842));
#3222=CARTESIAN_POINT('',(-0.00115038053019082,0.0005825,9.12844257252341E-5));
#3223=CARTESIAN_POINT('',(-0.00125,0.0005825,0.0001));
#3224=CARTESIAN_POINT('',(-0.00125,0.0005825,3.3881317890172E-19));
#3225=CARTESIAN_POINT('',(-0.00115296681770387,0.0005825,5.05424202717973E-31));
#3226=CARTESIAN_POINT('',(-0.00115296681770387,0.0005825,5.E-5));
#3227=CARTESIAN_POINT('',(-0.00125,0.0005825,5.E-5));
#3228=CARTESIAN_POINT('',(-0.00125,0.0005825,0.0001));
#3229=CARTESIAN_POINT('',(-0.00120019026509541,0.0005825,9.56422128626169E-5));
#3230=CARTESIAN_POINT('',(-0.00118007117421539,0.0005825,0.000325604473905225));
#3231=CARTESIAN_POINT('',(-0.00114617203908954,0.0005825,0.000713073361412149));
#3232=CARTESIAN_POINT('',(-0.000996742834375776,0.0005825,0.0007));
#3233=CARTESIAN_POINT('',(-0.000285945916529751,0.0005825,0.0008));
#3234=CARTESIAN_POINT('',(-0.000285945916529751,0.0005825,0.00085));
#3235=CARTESIAN_POINT('',(-0.000285945916529751,0.0002175,0.00085));
#3236=CARTESIAN_POINT('',(-0.000285945916529751,0.0002175,0.0008));
#3237=CARTESIAN_POINT('',(-0.000285945916529751,0.0002175,0.0008));
#3238=CARTESIAN_POINT('',(-0.000285945916529751,0.0005825,0.0008));
#3239=CARTESIAN_POINT('',(-0.000996742834375776,0.0002175,0.0007));
#3240=CARTESIAN_POINT('',(-0.000996742834375776,0.0002175,0.0007));
#3241=CARTESIAN_POINT('',(-0.00109636230418495,0.0002175,0.000708715574274766));
#3242=CARTESIAN_POINT('',(-0.000996742834375776,0.0002175,0.0008));
#3243=CARTESIAN_POINT('',(-0.000735945916529763,0.0002175,0.0008));
#3244=CARTESIAN_POINT('',(-0.000735945916529763,0.0002175,0.00085));
#3245=CARTESIAN_POINT('',(-0.000996742834375776,0.0002175,0.00085));
#3246=CARTESIAN_POINT('',(-0.000996742834375776,0.0002175,0.0007));
#3247=CARTESIAN_POINT('',(-0.00114617203908954,0.0002175,0.000713073361412149));
#3248=CARTESIAN_POINT('',(-0.00118007117421539,0.0002175,0.000325604473905225));
#3249=CARTESIAN_POINT('',(-0.00120019026509541,0.0002175,9.56422128626171E-5));
#3250=CARTESIAN_POINT('',(-0.00125,0.0002175,0.0001));
#3251=CARTESIAN_POINT('',(-0.00125,0.0002175,5.E-5));
#3252=CARTESIAN_POINT('',(-0.00115296681770387,0.0002175,5.E-5));
#3253=CARTESIAN_POINT('',(-0.00115296681770387,0.0002175,5.05424202717973E-31));
#3254=CARTESIAN_POINT('',(-0.00125,0.0002175,3.3881317890172E-19));
#3255=CARTESIAN_POINT('',(-0.00125,0.0002175,0.0001));
#3256=CARTESIAN_POINT('',(-0.00115038053019082,0.0002175,9.12844257252341E-5));
#3257=CARTESIAN_POINT('',(-0.00113026143931081,0.0002175,0.000321246686767842));
#3258=CARTESIAN_POINT('',(-0.000735945916529763,0.0005825,0.00085));
#3259=CARTESIAN_POINT('',(-0.000996742834375776,0.0005825,0.00085));
#3260=CARTESIAN_POINT('',(-0.000996742834375776,0.0005825,0.0007));
#3261=CARTESIAN_POINT('',(-0.00114617203908954,0.0005825,0.000713073361412149));
#3262=CARTESIAN_POINT('',(-0.00118007117421539,0.0005825,0.000325604473905225));
#3263=CARTESIAN_POINT('',(-0.00120019026509541,0.0005825,9.56422128626171E-5));
#3264=CARTESIAN_POINT('',(-0.00125,0.0005825,0.0001));
#3265=CARTESIAN_POINT('',(-0.00125,0.0005825,5.E-5));
#3266=CARTESIAN_POINT('',(-0.00115296681770387,0.0005825,5.E-5));
#3267=CARTESIAN_POINT('',(-0.000735945916529763,0.0005825,0.0008));
#3268=CARTESIAN_POINT('',(-0.000996742834375776,0.0005825,0.0008));
#3269=CARTESIAN_POINT('',(-0.000996742834375776,0.0005825,0.0007));
#3270=CARTESIAN_POINT('',(-0.00109636230418495,0.0005825,0.000708715574274766));
#3271=CARTESIAN_POINT('',(-0.00113026143931081,0.0005825,0.000321246686767842));
#3272=CARTESIAN_POINT('',(-0.00115038053019082,0.0005825,9.12844257252341E-5));
#3273=CARTESIAN_POINT('',(-0.00125,0.0005825,0.0001));
#3274=CARTESIAN_POINT('',(-0.00125,0.0005825,3.3881317890172E-19));
#3275=CARTESIAN_POINT('',(-0.00115296681770387,0.0005825,5.05424202717973E-31));
#3276=CARTESIAN_POINT('',(0.,0.,0.));
#3277=CARTESIAN_POINT('',(-0.00080000000000001,1.46957615897684E-19,0.0007));
#3278=CARTESIAN_POINT('',(-0.000715675499178575,1.31467456394584E-19,0.0001));
#3279=CARTESIAN_POINT('',(-0.000715675499178575,0.00154067549917857,0.0001));
#3280=CARTESIAN_POINT('',(-0.000715675499178576,-0.00154067549917857,0.0001));
#3281=CARTESIAN_POINT('',(-0.000784799106786985,-0.00160979910678698,0.000591840024678846));
#3282=CARTESIAN_POINT('',(-0.00080000000000001,-0.001625,0.0007));
#3283=CARTESIAN_POINT('',(-0.00080000000000001,1.46957615897684E-19,0.0007));
#3284=CARTESIAN_POINT('',(-0.00080000000000001,0.001625,0.0007));
#3285=CARTESIAN_POINT('',(-0.000784799106786985,0.00160979910678698,0.000591840024678846));
#3286=CARTESIAN_POINT('',(0.,-0.001625,0.0007));
#3287=CARTESIAN_POINT('',(0.,-0.00154067549917857,0.0001));
#3288=CARTESIAN_POINT('',(0.000715675499178555,-0.00154067549917857,0.0001));
#3289=CARTESIAN_POINT('',(0.000784799106786965,-0.00160979910678698,0.000591840024678849));
#3290=CARTESIAN_POINT('',(0.00079999999999999,-0.001625,0.0007));
#3291=CARTESIAN_POINT('',(0.,-0.001625,0.0007));
#3292=CARTESIAN_POINT('',(0.00079999999999999,-1.4695761589768E-19,0.0007));
#3293=CARTESIAN_POINT('',(0.000715675499178555,-1.3146745639458E-19,0.0001));
#3294=CARTESIAN_POINT('',(0.000715675499178555,0.00154067549917857,0.0001));
#3295=CARTESIAN_POINT('',(0.000784799106786966,0.00160979910678698,0.000591840024678849));
#3296=CARTESIAN_POINT('',(0.00079999999999999,0.001625,0.0007));
#3297=CARTESIAN_POINT('',(0.00079999999999999,-1.4695761589768E-19,0.0007));
#3298=CARTESIAN_POINT('',(0.,0.001625,0.0007));
#3299=CARTESIAN_POINT('',(0.,0.00154067549917857,0.0001));
#3300=CARTESIAN_POINT('',(0.,0.001625,0.0007));
#3301=CARTESIAN_POINT('',(0.,0.,0.0001));
#3302=CARTESIAN_POINT('',(-0.00080000000000001,1.46957615897684E-19,0.0007));
#3303=CARTESIAN_POINT('',(-0.000715675499178575,1.31467456394584E-19,0.0013));
#3304=CARTESIAN_POINT('',(-0.000715675499178575,0.00154067549917857,0.0013));
#3305=CARTESIAN_POINT('',(-0.000715675499178576,-0.00154067549917857,0.0013));
#3306=CARTESIAN_POINT('',(-0.000784799106786985,0.00160979910678698,0.000808159975321154));
#3307=CARTESIAN_POINT('',(-0.000784799106786985,-0.00160979910678698,0.000808159975321154));
#3308=CARTESIAN_POINT('',(0.,-0.001625,0.0007));
#3309=CARTESIAN_POINT('',(0.,-0.00154067549917857,0.0013));
#3310=CARTESIAN_POINT('',(0.000715675499178555,-0.00154067549917857,0.0013));
#3311=CARTESIAN_POINT('',(0.000784799106786965,-0.00160979910678698,0.000808159975321151));
#3312=CARTESIAN_POINT('',(0.00079999999999999,-1.4695761589768E-19,0.0007));
#3313=CARTESIAN_POINT('',(0.000715675499178555,-1.3146745639458E-19,0.0013));
#3314=CARTESIAN_POINT('',(0.000715675499178555,0.00154067549917857,0.0013));
#3315=CARTESIAN_POINT('',(0.000784799106786966,0.00160979910678698,0.000808159975321151));
#3316=CARTESIAN_POINT('',(0.,0.001625,0.0007));
#3317=CARTESIAN_POINT('',(0.,0.00154067549917857,0.0013));
#3318=CARTESIAN_POINT('',(0.,0.,0.0013));
#3319=CARTESIAN_POINT('',(0.,0.,0.));
#3320=CARTESIAN_POINT('',(0.00145,-0.0002175,5.05424202717973E-31));
#3321=CARTESIAN_POINT('',(0.00145,-0.0005825,5.05424202717973E-31));
#3322=CARTESIAN_POINT('',(0.00145,-0.0005825,5.05424202717973E-31));
#3323=CARTESIAN_POINT('',(0.00145,-0.0005825,5.E-5));
#3324=CARTESIAN_POINT('',(0.00145,-0.0002175,5.05424202717973E-31));
#3325=CARTESIAN_POINT('',(0.00145,-0.0002175,5.05424202717973E-31));
#3326=CARTESIAN_POINT('',(0.00145,-0.0002175,5.05424202717973E-31));
#3327=CARTESIAN_POINT('',(0.00145,-0.0002175,5.E-5));
#3328=CARTESIAN_POINT('',(0.00145,-0.0002175,5.E-5));
#3329=CARTESIAN_POINT('',(0.000735945916529764,-0.0002175,0.0008));
#3330=CARTESIAN_POINT('',(0.000735945916529764,-0.0002175,0.00085));
#3331=CARTESIAN_POINT('',(0.000996742834375776,-0.0002175,0.00085));
#3332=CARTESIAN_POINT('',(0.000285945916529751,-0.0002175,0.00085));
#3333=CARTESIAN_POINT('',(0.000996742834375776,-0.0002175,0.0007));
#3334=CARTESIAN_POINT('',(0.00114617203908954,-0.0002175,0.000713073361412149));
#3335=CARTESIAN_POINT('',(0.00118007117421539,-0.0002175,0.000325604473905225));
#3336=CARTESIAN_POINT('',(0.00120019026509541,-0.0002175,9.56422128626169E-5));
#3337=CARTESIAN_POINT('',(0.00125,-0.0002175,0.0001));
#3338=CARTESIAN_POINT('',(0.00125,-0.0002175,5.E-5));
#3339=CARTESIAN_POINT('',(0.00115296681770387,-0.0002175,5.E-5));
#3340=CARTESIAN_POINT('',(0.00115296681770387,-0.0002175,5.05424202717973E-31));
#3341=CARTESIAN_POINT('',(0.00125,-0.0002175,3.3881317890172E-19));
#3342=CARTESIAN_POINT('',(0.00125,-0.0002175,0.0001));
#3343=CARTESIAN_POINT('',(0.00115038053019083,-0.0002175,9.12844257252341E-5));
#3344=CARTESIAN_POINT('',(0.00113026143931081,-0.0002175,0.000321246686767842));
#3345=CARTESIAN_POINT('',(0.00109636230418495,-0.0002175,0.000708715574274766));
#3346=CARTESIAN_POINT('',(0.000996742834375776,-0.0002175,0.0007));
#3347=CARTESIAN_POINT('',(0.000996742834375776,-0.0002175,0.0008));
#3348=CARTESIAN_POINT('',(0.000735945916529764,-0.0002175,0.0008));
#3349=CARTESIAN_POINT('',(0.000285945916529751,-0.0002175,0.0008));
#3350=CARTESIAN_POINT('',(0.000285945916529751,-0.0002175,0.0008));
#3351=CARTESIAN_POINT('',(0.000285945916529751,-0.0002175,0.0008));
#3352=CARTESIAN_POINT('',(0.000285945916529751,-0.0002175,0.0008));
#3353=CARTESIAN_POINT('',(0.000285945916529751,-0.0005825,0.0008));
#3354=CARTESIAN_POINT('',(0.000285945916529751,-0.0005825,0.0008));
#3355=CARTESIAN_POINT('',(0.000285945916529751,-0.0005825,0.00085));
#3356=CARTESIAN_POINT('',(0.000285945916529751,-0.0002175,0.00085));
#3357=CARTESIAN_POINT('',(0.000996742834375776,-0.0005825,0.0007));
#3358=CARTESIAN_POINT('',(0.000996742834375776,-0.0005825,0.0007));
#3359=CARTESIAN_POINT('',(0.00109636230418495,-0.0005825,0.000708715574274766));
#3360=CARTESIAN_POINT('',(0.000996742834375776,-0.0005825,0.0008));
#3361=CARTESIAN_POINT('',(0.00113026143931081,-0.0005825,0.000321246686767842));
#3362=CARTESIAN_POINT('',(0.00115038053019083,-0.0005825,9.12844257252341E-5));
#3363=CARTESIAN_POINT('',(0.00125,-0.0005825,0.0001));
#3364=CARTESIAN_POINT('',(0.00125,-0.0005825,3.3881317890172E-19));
#3365=CARTESIAN_POINT('',(0.00115296681770387,-0.0005825,5.05424202717973E-31));
#3366=CARTESIAN_POINT('',(0.00115296681770387,-0.0005825,5.E-5));
#3367=CARTESIAN_POINT('',(0.00125,-0.0005825,5.E-5));
#3368=CARTESIAN_POINT('',(0.00125,-0.0005825,0.0001));
#3369=CARTESIAN_POINT('',(0.00120019026509541,-0.0005825,9.56422128626171E-5));
#3370=CARTESIAN_POINT('',(0.00118007117421539,-0.0005825,0.000325604473905225));
#3371=CARTESIAN_POINT('',(0.00114617203908954,-0.0005825,0.000713073361412149));
#3372=CARTESIAN_POINT('',(0.000996742834375776,-0.0005825,0.0007));
#3373=CARTESIAN_POINT('',(0.000996742834375776,-0.0005825,0.00085));
#3374=CARTESIAN_POINT('',(0.000735945916529764,-0.0005825,0.00085));
#3375=CARTESIAN_POINT('',(0.000735945916529764,-0.0005825,0.0008));
#3376=CARTESIAN_POINT('',(0.000735945916529764,-0.0002175,0.00085));
#3377=CARTESIAN_POINT('',(0.000996742834375776,-0.0002175,0.00085));
#3378=CARTESIAN_POINT('',(0.000996742834375776,-0.0002175,0.0007));
#3379=CARTESIAN_POINT('',(0.00114617203908954,-0.0002175,0.000713073361412149));
#3380=CARTESIAN_POINT('',(0.00118007117421539,-0.0002175,0.000325604473905225));
#3381=CARTESIAN_POINT('',(0.00120019026509541,-0.0002175,9.56422128626171E-5));
#3382=CARTESIAN_POINT('',(0.00125,-0.0002175,0.0001));
#3383=CARTESIAN_POINT('',(0.00125,-0.0002175,5.E-5));
#3384=CARTESIAN_POINT('',(0.00115296681770387,-0.0002175,5.E-5));
#3385=CARTESIAN_POINT('',(0.000735945916529764,-0.0002175,0.0008));
#3386=CARTESIAN_POINT('',(0.000996742834375776,-0.0002175,0.0008));
#3387=CARTESIAN_POINT('',(0.000996742834375776,-0.0002175,0.0007));
#3388=CARTESIAN_POINT('',(0.00109636230418495,-0.0002175,0.000708715574274766));
#3389=CARTESIAN_POINT('',(0.00113026143931081,-0.0002175,0.000321246686767842));
#3390=CARTESIAN_POINT('',(0.00115038053019083,-0.0002175,9.12844257252341E-5));
#3391=CARTESIAN_POINT('',(0.00125,-0.0002175,0.0001));
#3392=CARTESIAN_POINT('',(0.00125,-0.0002175,3.3881317890172E-19));
#3393=CARTESIAN_POINT('',(0.00115296681770387,-0.0002175,5.05424202717973E-31));
#3394=CARTESIAN_POINT('',(0.,0.,0.));
#3395=CARTESIAN_POINT('',(0.00145,0.0013825,5.05424202717973E-31));
#3396=CARTESIAN_POINT('',(0.00145,0.0010175,5.05424202717973E-31));
#3397=CARTESIAN_POINT('',(0.00145,0.0010175,5.05424202717973E-31));
#3398=CARTESIAN_POINT('',(0.00145,0.0010175,5.E-5));
#3399=CARTESIAN_POINT('',(0.00145,0.0013825,5.05424202717973E-31));
#3400=CARTESIAN_POINT('',(0.00145,0.0013825,5.05424202717973E-31));
#3401=CARTESIAN_POINT('',(0.00145,0.0013825,5.05424202717973E-31));
#3402=CARTESIAN_POINT('',(0.00145,0.0013825,5.E-5));
#3403=CARTESIAN_POINT('',(0.00145,0.0013825,5.E-5));
#3404=CARTESIAN_POINT('',(0.000735945916529764,0.0013825,0.0008));
#3405=CARTESIAN_POINT('',(0.000735945916529764,0.0013825,0.00085));
#3406=CARTESIAN_POINT('',(0.000996742834375776,0.0013825,0.00085));
#3407=CARTESIAN_POINT('',(0.000285945916529751,0.0013825,0.00085));
#3408=CARTESIAN_POINT('',(0.000996742834375776,0.0013825,0.0007));
#3409=CARTESIAN_POINT('',(0.00114617203908954,0.0013825,0.000713073361412149));
#3410=CARTESIAN_POINT('',(0.0011800711742154,0.0013825,0.000325604473905225));
#3411=CARTESIAN_POINT('',(0.00120019026509541,0.0013825,9.56422128626169E-5));
#3412=CARTESIAN_POINT('',(0.00125,0.0013825,0.0001));
#3413=CARTESIAN_POINT('',(0.00125,0.0013825,5.E-5));
#3414=CARTESIAN_POINT('',(0.00115296681770387,0.0013825,5.E-5));
#3415=CARTESIAN_POINT('',(0.00115296681770387,0.0013825,5.05424202717973E-31));
#3416=CARTESIAN_POINT('',(0.00125,0.0013825,3.3881317890172E-19));
#3417=CARTESIAN_POINT('',(0.00125,0.0013825,0.0001));
#3418=CARTESIAN_POINT('',(0.00115038053019083,0.0013825,9.12844257252341E-5));
#3419=CARTESIAN_POINT('',(0.00113026143931081,0.0013825,0.000321246686767842));
#3420=CARTESIAN_POINT('',(0.00109636230418495,0.0013825,0.000708715574274766));
#3421=CARTESIAN_POINT('',(0.000996742834375776,0.0013825,0.0007));
#3422=CARTESIAN_POINT('',(0.000996742834375776,0.0013825,0.0008));
#3423=CARTESIAN_POINT('',(0.000735945916529764,0.0013825,0.0008));
#3424=CARTESIAN_POINT('',(0.000285945916529751,0.0013825,0.0008));
#3425=CARTESIAN_POINT('',(0.000285945916529751,0.0013825,0.0008));
#3426=CARTESIAN_POINT('',(0.000285945916529751,0.0013825,0.0008));
#3427=CARTESIAN_POINT('',(0.000285945916529751,0.0013825,0.0008));
#3428=CARTESIAN_POINT('',(0.000285945916529751,0.0010175,0.0008));
#3429=CARTESIAN_POINT('',(0.000285945916529751,0.0010175,0.0008));
#3430=CARTESIAN_POINT('',(0.000285945916529751,0.0010175,0.00085));
#3431=CARTESIAN_POINT('',(0.000285945916529751,0.0013825,0.00085));
#3432=CARTESIAN_POINT('',(0.000996742834375776,0.0010175,0.0007));
#3433=CARTESIAN_POINT('',(0.000996742834375776,0.0010175,0.0007));
#3434=CARTESIAN_POINT('',(0.00109636230418495,0.0010175,0.000708715574274766));
#3435=CARTESIAN_POINT('',(0.000996742834375776,0.0010175,0.0008));
#3436=CARTESIAN_POINT('',(0.00113026143931081,0.0010175,0.000321246686767842));
#3437=CARTESIAN_POINT('',(0.00115038053019083,0.0010175,9.12844257252341E-5));
#3438=CARTESIAN_POINT('',(0.00125,0.0010175,0.0001));
#3439=CARTESIAN_POINT('',(0.00125,0.0010175,3.3881317890172E-19));
#3440=CARTESIAN_POINT('',(0.00115296681770387,0.0010175,5.05424202717973E-31));
#3441=CARTESIAN_POINT('',(0.00115296681770387,0.0010175,5.E-5));
#3442=CARTESIAN_POINT('',(0.00125,0.0010175,5.E-5));
#3443=CARTESIAN_POINT('',(0.00125,0.0010175,0.0001));
#3444=CARTESIAN_POINT('',(0.00120019026509541,0.0010175,9.56422128626171E-5));
#3445=CARTESIAN_POINT('',(0.0011800711742154,0.0010175,0.000325604473905225));
#3446=CARTESIAN_POINT('',(0.00114617203908954,0.0010175,0.000713073361412149));
#3447=CARTESIAN_POINT('',(0.000996742834375776,0.0010175,0.0007));
#3448=CARTESIAN_POINT('',(0.000996742834375776,0.0010175,0.00085));
#3449=CARTESIAN_POINT('',(0.000735945916529764,0.0010175,0.00085));
#3450=CARTESIAN_POINT('',(0.000735945916529764,0.0010175,0.0008));
#3451=CARTESIAN_POINT('',(0.000735945916529764,0.0013825,0.00085));
#3452=CARTESIAN_POINT('',(0.000996742834375776,0.0013825,0.00085));
#3453=CARTESIAN_POINT('',(0.000996742834375776,0.0013825,0.0007));
#3454=CARTESIAN_POINT('',(0.00114617203908954,0.0013825,0.000713073361412149));
#3455=CARTESIAN_POINT('',(0.0011800711742154,0.0013825,0.000325604473905225));
#3456=CARTESIAN_POINT('',(0.00120019026509541,0.0013825,9.56422128626171E-5));
#3457=CARTESIAN_POINT('',(0.00125,0.0013825,0.0001));
#3458=CARTESIAN_POINT('',(0.00125,0.0013825,5.E-5));
#3459=CARTESIAN_POINT('',(0.00115296681770387,0.0013825,5.E-5));
#3460=CARTESIAN_POINT('',(0.000735945916529764,0.0013825,0.0008));
#3461=CARTESIAN_POINT('',(0.000996742834375776,0.0013825,0.0008));
#3462=CARTESIAN_POINT('',(0.000996742834375776,0.0013825,0.0007));
#3463=CARTESIAN_POINT('',(0.00109636230418495,0.0013825,0.000708715574274766));
#3464=CARTESIAN_POINT('',(0.00113026143931081,0.0013825,0.000321246686767842));
#3465=CARTESIAN_POINT('',(0.00115038053019083,0.0013825,9.12844257252341E-5));
#3466=CARTESIAN_POINT('',(0.00125,0.0013825,0.0001));
#3467=CARTESIAN_POINT('',(0.00125,0.0013825,3.3881317890172E-19));
#3468=CARTESIAN_POINT('',(0.00115296681770387,0.0013825,5.05424202717973E-31));
#3469=CARTESIAN_POINT('',(0.,0.,0.));
#3470=CARTESIAN_POINT('',(-0.00145,-0.0010175,5.05424202717973E-31));
#3471=CARTESIAN_POINT('',(-0.00145,-0.0013825,5.05424202717973E-31));
#3472=CARTESIAN_POINT('',(-0.00145,-0.0013825,5.05424202717973E-31));
#3473=CARTESIAN_POINT('',(-0.00145,-0.0013825,5.E-5));
#3474=CARTESIAN_POINT('',(-0.00145,-0.0010175,5.E-5));
#3475=CARTESIAN_POINT('',(-0.00145,-0.0010175,5.E-5));
#3476=CARTESIAN_POINT('',(-0.00145,-0.0010175,5.05424202717973E-31));
#3477=CARTESIAN_POINT('',(-0.00145,-0.0010175,5.05424202717973E-31));
#3478=CARTESIAN_POINT('',(-0.00145,-0.0010175,5.05424202717973E-31));
#3479=CARTESIAN_POINT('',(-0.000735945916529764,-0.0010175,0.0008));
#3480=CARTESIAN_POINT('',(-0.000735945916529764,-0.0010175,0.00085));
#3481=CARTESIAN_POINT('',(-0.000996742834375776,-0.0010175,0.00085));
#3482=CARTESIAN_POINT('',(-0.000285945916529751,-0.0010175,0.00085));
#3483=CARTESIAN_POINT('',(-0.000285945916529751,-0.0010175,0.0008));
#3484=CARTESIAN_POINT('',(-0.000285945916529751,-0.0010175,0.0008));
#3485=CARTESIAN_POINT('',(-0.000735945916529764,-0.0010175,0.0008));
#3486=CARTESIAN_POINT('',(-0.000996742834375776,-0.0010175,0.0008));
#3487=CARTESIAN_POINT('',(-0.000996742834375776,-0.0010175,0.0007));
#3488=CARTESIAN_POINT('',(-0.00109636230418495,-0.0010175,0.000708715574274766));
#3489=CARTESIAN_POINT('',(-0.00113026143931081,-0.0010175,0.000321246686767842));
#3490=CARTESIAN_POINT('',(-0.00115038053019082,-0.0010175,9.12844257252341E-5));
#3491=CARTESIAN_POINT('',(-0.00125,-0.0010175,0.0001));
#3492=CARTESIAN_POINT('',(-0.00125,-0.0010175,3.3881317890172E-19));
#3493=CARTESIAN_POINT('',(-0.00115296681770387,-0.0010175,5.05424202717973E-31));
#3494=CARTESIAN_POINT('',(-0.00115296681770387,-0.0010175,5.E-5));
#3495=CARTESIAN_POINT('',(-0.00125,-0.0010175,5.E-5));
#3496=CARTESIAN_POINT('',(-0.00125,-0.0010175,0.0001));
#3497=CARTESIAN_POINT('',(-0.00120019026509541,-0.0010175,9.56422128626169E-5));
#3498=CARTESIAN_POINT('',(-0.00118007117421539,-0.0010175,0.000325604473905225));
#3499=CARTESIAN_POINT('',(-0.00114617203908954,-0.0010175,0.000713073361412149));
#3500=CARTESIAN_POINT('',(-0.000996742834375776,-0.0010175,0.0007));
#3501=CARTESIAN_POINT('',(-0.000285945916529751,-0.0010175,0.0008));
#3502=CARTESIAN_POINT('',(-0.000285945916529751,-0.0010175,0.00085));
#3503=CARTESIAN_POINT('',(-0.000285945916529751,-0.0013825,0.00085));
#3504=CARTESIAN_POINT('',(-0.000285945916529751,-0.0013825,0.0008));
#3505=CARTESIAN_POINT('',(-0.000285945916529751,-0.0013825,0.0008));
#3506=CARTESIAN_POINT('',(-0.000285945916529751,-0.0010175,0.0008));
#3507=CARTESIAN_POINT('',(-0.000996742834375776,-0.0013825,0.0007));
#3508=CARTESIAN_POINT('',(-0.000996742834375776,-0.0013825,0.0007));
#3509=CARTESIAN_POINT('',(-0.00109636230418495,-0.0013825,0.000708715574274766));
#3510=CARTESIAN_POINT('',(-0.000996742834375776,-0.0013825,0.0008));
#3511=CARTESIAN_POINT('',(-0.000735945916529764,-0.0013825,0.0008));
#3512=CARTESIAN_POINT('',(-0.000735945916529764,-0.0013825,0.00085));
#3513=CARTESIAN_POINT('',(-0.000996742834375776,-0.0013825,0.00085));
#3514=CARTESIAN_POINT('',(-0.000996742834375776,-0.0013825,0.0007));
#3515=CARTESIAN_POINT('',(-0.00114617203908954,-0.0013825,0.000713073361412149));
#3516=CARTESIAN_POINT('',(-0.00118007117421539,-0.0013825,0.000325604473905225));
#3517=CARTESIAN_POINT('',(-0.00120019026509541,-0.0013825,9.56422128626171E-5));
#3518=CARTESIAN_POINT('',(-0.00125,-0.0013825,0.0001));
#3519=CARTESIAN_POINT('',(-0.00125,-0.0013825,5.E-5));
#3520=CARTESIAN_POINT('',(-0.00115296681770387,-0.0013825,5.E-5));
#3521=CARTESIAN_POINT('',(-0.00115296681770387,-0.0013825,5.05424202717973E-31));
#3522=CARTESIAN_POINT('',(-0.00125,-0.0013825,3.3881317890172E-19));
#3523=CARTESIAN_POINT('',(-0.00125,-0.0013825,0.0001));
#3524=CARTESIAN_POINT('',(-0.00115038053019082,-0.0013825,9.12844257252341E-5));
#3525=CARTESIAN_POINT('',(-0.00113026143931081,-0.0013825,0.000321246686767842));
#3526=CARTESIAN_POINT('',(-0.000735945916529764,-0.0010175,0.00085));
#3527=CARTESIAN_POINT('',(-0.000996742834375776,-0.0010175,0.00085));
#3528=CARTESIAN_POINT('',(-0.000996742834375776,-0.0010175,0.0007));
#3529=CARTESIAN_POINT('',(-0.00114617203908954,-0.0010175,0.000713073361412149));
#3530=CARTESIAN_POINT('',(-0.00118007117421539,-0.0010175,0.000325604473905225));
#3531=CARTESIAN_POINT('',(-0.00120019026509541,-0.0010175,9.56422128626171E-5));
#3532=CARTESIAN_POINT('',(-0.00125,-0.0010175,0.0001));
#3533=CARTESIAN_POINT('',(-0.00125,-0.0010175,5.E-5));
#3534=CARTESIAN_POINT('',(-0.00115296681770387,-0.0010175,5.E-5));
#3535=CARTESIAN_POINT('',(-0.000735945916529764,-0.0010175,0.0008));
#3536=CARTESIAN_POINT('',(-0.000996742834375776,-0.0010175,0.0008));
#3537=CARTESIAN_POINT('',(-0.000996742834375776,-0.0010175,0.0007));
#3538=CARTESIAN_POINT('',(-0.00109636230418495,-0.0010175,0.000708715574274766));
#3539=CARTESIAN_POINT('',(-0.00113026143931081,-0.0010175,0.000321246686767842));
#3540=CARTESIAN_POINT('',(-0.00115038053019082,-0.0010175,9.12844257252341E-5));
#3541=CARTESIAN_POINT('',(-0.00125,-0.0010175,0.0001));
#3542=CARTESIAN_POINT('',(-0.00125,-0.0010175,3.3881317890172E-19));
#3543=CARTESIAN_POINT('',(-0.00115296681770387,-0.0010175,5.05424202717973E-31));
#3544=CARTESIAN_POINT('',(0.,0.,0.));
#3545=CARTESIAN_POINT('',(0.00145,-0.0010175,5.05424202717973E-31));
#3546=CARTESIAN_POINT('',(0.00145,-0.0013825,5.05424202717973E-31));
#3547=CARTESIAN_POINT('',(0.00145,-0.0013825,5.05424202717973E-31));
#3548=CARTESIAN_POINT('',(0.00145,-0.0013825,5.E-5));
#3549=CARTESIAN_POINT('',(0.00145,-0.0010175,5.05424202717973E-31));
#3550=CARTESIAN_POINT('',(0.00145,-0.0010175,5.05424202717973E-31));
#3551=CARTESIAN_POINT('',(0.00145,-0.0010175,5.05424202717973E-31));
#3552=CARTESIAN_POINT('',(0.00145,-0.0010175,5.E-5));
#3553=CARTESIAN_POINT('',(0.00145,-0.0010175,5.E-5));
#3554=CARTESIAN_POINT('',(0.000735945916529764,-0.0010175,0.0008));
#3555=CARTESIAN_POINT('',(0.000735945916529764,-0.0010175,0.00085));
#3556=CARTESIAN_POINT('',(0.000996742834375776,-0.0010175,0.00085));
#3557=CARTESIAN_POINT('',(0.000285945916529751,-0.0010175,0.00085));
#3558=CARTESIAN_POINT('',(0.000996742834375776,-0.0010175,0.0007));
#3559=CARTESIAN_POINT('',(0.00114617203908954,-0.0010175,0.000713073361412149));
#3560=CARTESIAN_POINT('',(0.00118007117421539,-0.0010175,0.000325604473905225));
#3561=CARTESIAN_POINT('',(0.00120019026509541,-0.0010175,9.56422128626169E-5));
#3562=CARTESIAN_POINT('',(0.00125,-0.0010175,0.0001));
#3563=CARTESIAN_POINT('',(0.00125,-0.0010175,5.E-5));
#3564=CARTESIAN_POINT('',(0.00115296681770387,-0.0010175,5.E-5));
#3565=CARTESIAN_POINT('',(0.00115296681770387,-0.0010175,5.05424202717973E-31));
#3566=CARTESIAN_POINT('',(0.00125,-0.0010175,3.3881317890172E-19));
#3567=CARTESIAN_POINT('',(0.00125,-0.0010175,0.0001));
#3568=CARTESIAN_POINT('',(0.00115038053019082,-0.0010175,9.12844257252341E-5));
#3569=CARTESIAN_POINT('',(0.00113026143931081,-0.0010175,0.000321246686767842));
#3570=CARTESIAN_POINT('',(0.00109636230418495,-0.0010175,0.000708715574274766));
#3571=CARTESIAN_POINT('',(0.000996742834375776,-0.0010175,0.0007));
#3572=CARTESIAN_POINT('',(0.000996742834375776,-0.0010175,0.0008));
#3573=CARTESIAN_POINT('',(0.000735945916529764,-0.0010175,0.0008));
#3574=CARTESIAN_POINT('',(0.000285945916529751,-0.0010175,0.0008));
#3575=CARTESIAN_POINT('',(0.000285945916529751,-0.0010175,0.0008));
#3576=CARTESIAN_POINT('',(0.000285945916529751,-0.0010175,0.0008));
#3577=CARTESIAN_POINT('',(0.000285945916529751,-0.0010175,0.0008));
#3578=CARTESIAN_POINT('',(0.000285945916529751,-0.0013825,0.0008));
#3579=CARTESIAN_POINT('',(0.000285945916529751,-0.0013825,0.0008));
#3580=CARTESIAN_POINT('',(0.000285945916529751,-0.0013825,0.00085));
#3581=CARTESIAN_POINT('',(0.000285945916529751,-0.0010175,0.00085));
#3582=CARTESIAN_POINT('',(0.000996742834375776,-0.0013825,0.0007));
#3583=CARTESIAN_POINT('',(0.000996742834375776,-0.0013825,0.0007));
#3584=CARTESIAN_POINT('',(0.00109636230418495,-0.0013825,0.000708715574274766));
#3585=CARTESIAN_POINT('',(0.000996742834375776,-0.0013825,0.0008));
#3586=CARTESIAN_POINT('',(0.00113026143931081,-0.0013825,0.000321246686767842));
#3587=CARTESIAN_POINT('',(0.00115038053019082,-0.0013825,9.12844257252341E-5));
#3588=CARTESIAN_POINT('',(0.00125,-0.0013825,0.0001));
#3589=CARTESIAN_POINT('',(0.00125,-0.0013825,3.3881317890172E-19));
#3590=CARTESIAN_POINT('',(0.00115296681770387,-0.0013825,5.05424202717973E-31));
#3591=CARTESIAN_POINT('',(0.00115296681770387,-0.0013825,5.E-5));
#3592=CARTESIAN_POINT('',(0.00125,-0.0013825,5.E-5));
#3593=CARTESIAN_POINT('',(0.00125,-0.0013825,0.0001));
#3594=CARTESIAN_POINT('',(0.00120019026509541,-0.0013825,9.56422128626171E-5));
#3595=CARTESIAN_POINT('',(0.00118007117421539,-0.0013825,0.000325604473905225));
#3596=CARTESIAN_POINT('',(0.00114617203908954,-0.0013825,0.000713073361412149));
#3597=CARTESIAN_POINT('',(0.000996742834375776,-0.0013825,0.0007));
#3598=CARTESIAN_POINT('',(0.000996742834375776,-0.0013825,0.00085));
#3599=CARTESIAN_POINT('',(0.000735945916529764,-0.0013825,0.00085));
#3600=CARTESIAN_POINT('',(0.000735945916529764,-0.0013825,0.0008));
#3601=CARTESIAN_POINT('',(0.000735945916529764,-0.0010175,0.00085));
#3602=CARTESIAN_POINT('',(0.000996742834375776,-0.0010175,0.00085));
#3603=CARTESIAN_POINT('',(0.000996742834375776,-0.0010175,0.0007));
#3604=CARTESIAN_POINT('',(0.00114617203908954,-0.0010175,0.000713073361412149));
#3605=CARTESIAN_POINT('',(0.00118007117421539,-0.0010175,0.000325604473905225));
#3606=CARTESIAN_POINT('',(0.00120019026509541,-0.0010175,9.56422128626171E-5));
#3607=CARTESIAN_POINT('',(0.00125,-0.0010175,0.0001));
#3608=CARTESIAN_POINT('',(0.00125,-0.0010175,5.E-5));
#3609=CARTESIAN_POINT('',(0.00115296681770387,-0.0010175,5.E-5));
#3610=CARTESIAN_POINT('',(0.000735945916529764,-0.0010175,0.0008));
#3611=CARTESIAN_POINT('',(0.000996742834375776,-0.0010175,0.0008));
#3612=CARTESIAN_POINT('',(0.000996742834375776,-0.0010175,0.0007));
#3613=CARTESIAN_POINT('',(0.00109636230418495,-0.0010175,0.000708715574274766));
#3614=CARTESIAN_POINT('',(0.00113026143931081,-0.0010175,0.000321246686767842));
#3615=CARTESIAN_POINT('',(0.00115038053019082,-0.0010175,9.12844257252341E-5));
#3616=CARTESIAN_POINT('',(0.00125,-0.0010175,0.0001));
#3617=CARTESIAN_POINT('',(0.00125,-0.0010175,3.3881317890172E-19));
#3618=CARTESIAN_POINT('',(0.00115296681770387,-0.0010175,5.05424202717973E-31));
#3619=CARTESIAN_POINT('',(0.,0.,0.));
#3620=CARTESIAN_POINT('',(-0.00145,-0.0002175,5.05424202717973E-31));
#3621=CARTESIAN_POINT('',(-0.00145,-0.0005825,5.05424202717973E-31));
#3622=CARTESIAN_POINT('',(-0.00145,-0.0005825,5.05424202717973E-31));
#3623=CARTESIAN_POINT('',(-0.00145,-0.0005825,5.E-5));
#3624=CARTESIAN_POINT('',(-0.00145,-0.0002175,5.E-5));
#3625=CARTESIAN_POINT('',(-0.00145,-0.0002175,5.E-5));
#3626=CARTESIAN_POINT('',(-0.00145,-0.0002175,5.05424202717973E-31));
#3627=CARTESIAN_POINT('',(-0.00145,-0.0002175,5.05424202717973E-31));
#3628=CARTESIAN_POINT('',(-0.00145,-0.0002175,5.05424202717973E-31));
#3629=CARTESIAN_POINT('',(-0.000735945916529763,-0.0002175,0.0008));
#3630=CARTESIAN_POINT('',(-0.000735945916529763,-0.0002175,0.00085));
#3631=CARTESIAN_POINT('',(-0.000996742834375776,-0.0002175,0.00085));
#3632=CARTESIAN_POINT('',(-0.000285945916529751,-0.0002175,0.00085));
#3633=CARTESIAN_POINT('',(-0.000285945916529751,-0.0002175,0.0008));
#3634=CARTESIAN_POINT('',(-0.000285945916529751,-0.0002175,0.0008));
#3635=CARTESIAN_POINT('',(-0.000735945916529763,-0.0002175,0.0008));
#3636=CARTESIAN_POINT('',(-0.000996742834375776,-0.0002175,0.0008));
#3637=CARTESIAN_POINT('',(-0.000996742834375776,-0.0002175,0.0007));
#3638=CARTESIAN_POINT('',(-0.00109636230418495,-0.0002175,0.000708715574274766));
#3639=CARTESIAN_POINT('',(-0.00113026143931081,-0.0002175,0.000321246686767842));
#3640=CARTESIAN_POINT('',(-0.00115038053019082,-0.0002175,9.12844257252341E-5));
#3641=CARTESIAN_POINT('',(-0.00125,-0.0002175,0.0001));
#3642=CARTESIAN_POINT('',(-0.00125,-0.0002175,3.3881317890172E-19));
#3643=CARTESIAN_POINT('',(-0.00115296681770387,-0.0002175,5.05424202717973E-31));
#3644=CARTESIAN_POINT('',(-0.00115296681770387,-0.0002175,5.E-5));
#3645=CARTESIAN_POINT('',(-0.00125,-0.0002175,5.E-5));
#3646=CARTESIAN_POINT('',(-0.00125,-0.0002175,0.0001));
#3647=CARTESIAN_POINT('',(-0.00120019026509541,-0.0002175,9.56422128626169E-5));
#3648=CARTESIAN_POINT('',(-0.00118007117421539,-0.0002175,0.000325604473905225));
#3649=CARTESIAN_POINT('',(-0.00114617203908954,-0.0002175,0.000713073361412149));
#3650=CARTESIAN_POINT('',(-0.000996742834375776,-0.0002175,0.0007));
#3651=CARTESIAN_POINT('',(-0.000285945916529751,-0.0002175,0.0008));
#3652=CARTESIAN_POINT('',(-0.000285945916529751,-0.0002175,0.00085));
#3653=CARTESIAN_POINT('',(-0.000285945916529751,-0.0005825,0.00085));
#3654=CARTESIAN_POINT('',(-0.000285945916529751,-0.0005825,0.0008));
#3655=CARTESIAN_POINT('',(-0.000285945916529751,-0.0005825,0.0008));
#3656=CARTESIAN_POINT('',(-0.000285945916529751,-0.0002175,0.0008));
#3657=CARTESIAN_POINT('',(-0.000996742834375776,-0.0005825,0.0007));
#3658=CARTESIAN_POINT('',(-0.000996742834375776,-0.0005825,0.0007));
#3659=CARTESIAN_POINT('',(-0.00109636230418495,-0.0005825,0.000708715574274766));
#3660=CARTESIAN_POINT('',(-0.000996742834375776,-0.0005825,0.0008));
#3661=CARTESIAN_POINT('',(-0.000735945916529763,-0.0005825,0.0008));
#3662=CARTESIAN_POINT('',(-0.000735945916529763,-0.0005825,0.00085));
#3663=CARTESIAN_POINT('',(-0.000996742834375776,-0.0005825,0.00085));
#3664=CARTESIAN_POINT('',(-0.000996742834375776,-0.0005825,0.0007));
#3665=CARTESIAN_POINT('',(-0.00114617203908954,-0.0005825,0.000713073361412149));
#3666=CARTESIAN_POINT('',(-0.00118007117421539,-0.0005825,0.000325604473905225));
#3667=CARTESIAN_POINT('',(-0.00120019026509541,-0.0005825,9.56422128626171E-5));
#3668=CARTESIAN_POINT('',(-0.00125,-0.0005825,0.0001));
#3669=CARTESIAN_POINT('',(-0.00125,-0.0005825,5.E-5));
#3670=CARTESIAN_POINT('',(-0.00115296681770387,-0.0005825,5.E-5));
#3671=CARTESIAN_POINT('',(-0.00115296681770387,-0.0005825,5.05424202717973E-31));
#3672=CARTESIAN_POINT('',(-0.00125,-0.0005825,3.3881317890172E-19));
#3673=CARTESIAN_POINT('',(-0.00125,-0.0005825,0.0001));
#3674=CARTESIAN_POINT('',(-0.00115038053019082,-0.0005825,9.12844257252341E-5));
#3675=CARTESIAN_POINT('',(-0.00113026143931081,-0.0005825,0.000321246686767842));
#3676=CARTESIAN_POINT('',(-0.000735945916529763,-0.0002175,0.00085));
#3677=CARTESIAN_POINT('',(-0.000996742834375776,-0.0002175,0.00085));
#3678=CARTESIAN_POINT('',(-0.000996742834375776,-0.0002175,0.0007));
#3679=CARTESIAN_POINT('',(-0.00114617203908954,-0.0002175,0.000713073361412149));
#3680=CARTESIAN_POINT('',(-0.00118007117421539,-0.0002175,0.000325604473905225));
#3681=CARTESIAN_POINT('',(-0.00120019026509541,-0.0002175,9.56422128626171E-5));
#3682=CARTESIAN_POINT('',(-0.00125,-0.0002175,0.0001));
#3683=CARTESIAN_POINT('',(-0.00125,-0.0002175,5.E-5));
#3684=CARTESIAN_POINT('',(-0.00115296681770387,-0.0002175,5.E-5));
#3685=CARTESIAN_POINT('',(-0.000735945916529763,-0.0002175,0.0008));
#3686=CARTESIAN_POINT('',(-0.000996742834375776,-0.0002175,0.0008));
#3687=CARTESIAN_POINT('',(-0.000996742834375776,-0.0002175,0.0007));
#3688=CARTESIAN_POINT('',(-0.00109636230418495,-0.0002175,0.000708715574274766));
#3689=CARTESIAN_POINT('',(-0.00113026143931081,-0.0002175,0.000321246686767842));
#3690=CARTESIAN_POINT('',(-0.00115038053019082,-0.0002175,9.12844257252341E-5));
#3691=CARTESIAN_POINT('',(-0.00125,-0.0002175,0.0001));
#3692=CARTESIAN_POINT('',(-0.00125,-0.0002175,3.3881317890172E-19));
#3693=CARTESIAN_POINT('',(-0.00115296681770387,-0.0002175,5.05424202717973E-31));
#3694=CARTESIAN_POINT('',(0.,0.,0.));
#3695=CARTESIAN_POINT('',(-0.00145,0.0013825,5.05424202717973E-31));
#3696=CARTESIAN_POINT('',(-0.00145,0.0010175,5.05424202717973E-31));
#3697=CARTESIAN_POINT('',(-0.00145,0.0010175,5.05424202717973E-31));
#3698=CARTESIAN_POINT('',(-0.00145,0.0010175,5.E-5));
#3699=CARTESIAN_POINT('',(-0.00145,0.0013825,5.E-5));
#3700=CARTESIAN_POINT('',(-0.00145,0.0013825,5.E-5));
#3701=CARTESIAN_POINT('',(-0.00145,0.0013825,5.05424202717973E-31));
#3702=CARTESIAN_POINT('',(-0.00145,0.0013825,5.05424202717973E-31));
#3703=CARTESIAN_POINT('',(-0.00145,0.0013825,5.05424202717973E-31));
#3704=CARTESIAN_POINT('',(-0.000735945916529763,0.0013825,0.0008));
#3705=CARTESIAN_POINT('',(-0.000735945916529763,0.0013825,0.00085));
#3706=CARTESIAN_POINT('',(-0.000996742834375775,0.0013825,0.00085));
#3707=CARTESIAN_POINT('',(-0.000285945916529751,0.0013825,0.00085));
#3708=CARTESIAN_POINT('',(-0.000285945916529751,0.0013825,0.0008));
#3709=CARTESIAN_POINT('',(-0.000285945916529751,0.0013825,0.0008));
#3710=CARTESIAN_POINT('',(-0.000735945916529763,0.0013825,0.0008));
#3711=CARTESIAN_POINT('',(-0.000996742834375775,0.0013825,0.0008));
#3712=CARTESIAN_POINT('',(-0.000996742834375775,0.0013825,0.0007));
#3713=CARTESIAN_POINT('',(-0.00109636230418495,0.0013825,0.000708715574274766));
#3714=CARTESIAN_POINT('',(-0.00113026143931081,0.0013825,0.000321246686767842));
#3715=CARTESIAN_POINT('',(-0.00115038053019082,0.0013825,9.12844257252341E-5));
#3716=CARTESIAN_POINT('',(-0.00125,0.0013825,0.0001));
#3717=CARTESIAN_POINT('',(-0.00125,0.0013825,3.3881317890172E-19));
#3718=CARTESIAN_POINT('',(-0.00115296681770387,0.0013825,5.05424202717973E-31));
#3719=CARTESIAN_POINT('',(-0.00115296681770387,0.0013825,5.E-5));
#3720=CARTESIAN_POINT('',(-0.00125,0.0013825,5.E-5));
#3721=CARTESIAN_POINT('',(-0.00125,0.0013825,0.0001));
#3722=CARTESIAN_POINT('',(-0.00120019026509541,0.0013825,9.56422128626169E-5));
#3723=CARTESIAN_POINT('',(-0.00118007117421539,0.0013825,0.000325604473905225));
#3724=CARTESIAN_POINT('',(-0.00114617203908954,0.0013825,0.000713073361412149));
#3725=CARTESIAN_POINT('',(-0.000996742834375775,0.0013825,0.0007));
#3726=CARTESIAN_POINT('',(-0.000285945916529751,0.0013825,0.0008));
#3727=CARTESIAN_POINT('',(-0.000285945916529751,0.0013825,0.00085));
#3728=CARTESIAN_POINT('',(-0.000285945916529751,0.0010175,0.00085));
#3729=CARTESIAN_POINT('',(-0.000285945916529751,0.0010175,0.0008));
#3730=CARTESIAN_POINT('',(-0.000285945916529751,0.0010175,0.0008));
#3731=CARTESIAN_POINT('',(-0.000285945916529751,0.0013825,0.0008));
#3732=CARTESIAN_POINT('',(-0.000996742834375775,0.0010175,0.0007));
#3733=CARTESIAN_POINT('',(-0.000996742834375775,0.0010175,0.0007));
#3734=CARTESIAN_POINT('',(-0.00109636230418495,0.0010175,0.000708715574274766));
#3735=CARTESIAN_POINT('',(-0.000996742834375775,0.0010175,0.0008));
#3736=CARTESIAN_POINT('',(-0.000735945916529763,0.0010175,0.0008));
#3737=CARTESIAN_POINT('',(-0.000735945916529763,0.0010175,0.00085));
#3738=CARTESIAN_POINT('',(-0.000996742834375775,0.0010175,0.00085));
#3739=CARTESIAN_POINT('',(-0.000996742834375775,0.0010175,0.0007));
#3740=CARTESIAN_POINT('',(-0.00114617203908954,0.0010175,0.000713073361412149));
#3741=CARTESIAN_POINT('',(-0.00118007117421539,0.0010175,0.000325604473905225));
#3742=CARTESIAN_POINT('',(-0.00120019026509541,0.0010175,9.56422128626171E-5));
#3743=CARTESIAN_POINT('',(-0.00125,0.0010175,0.0001));
#3744=CARTESIAN_POINT('',(-0.00125,0.0010175,5.E-5));
#3745=CARTESIAN_POINT('',(-0.00115296681770387,0.0010175,5.E-5));
#3746=CARTESIAN_POINT('',(-0.00115296681770387,0.0010175,5.05424202717973E-31));
#3747=CARTESIAN_POINT('',(-0.00125,0.0010175,3.3881317890172E-19));
#3748=CARTESIAN_POINT('',(-0.00125,0.0010175,0.0001));
#3749=CARTESIAN_POINT('',(-0.00115038053019082,0.0010175,9.12844257252341E-5));
#3750=CARTESIAN_POINT('',(-0.00113026143931081,0.0010175,0.000321246686767842));
#3751=CARTESIAN_POINT('',(-0.000735945916529763,0.0013825,0.00085));
#3752=CARTESIAN_POINT('',(-0.000996742834375775,0.0013825,0.00085));
#3753=CARTESIAN_POINT('',(-0.000996742834375775,0.0013825,0.0007));
#3754=CARTESIAN_POINT('',(-0.00114617203908954,0.0013825,0.000713073361412149));
#3755=CARTESIAN_POINT('',(-0.00118007117421539,0.0013825,0.000325604473905225));
#3756=CARTESIAN_POINT('',(-0.00120019026509541,0.0013825,9.56422128626171E-5));
#3757=CARTESIAN_POINT('',(-0.00125,0.0013825,0.0001));
#3758=CARTESIAN_POINT('',(-0.00125,0.0013825,5.E-5));
#3759=CARTESIAN_POINT('',(-0.00115296681770387,0.0013825,5.E-5));
#3760=CARTESIAN_POINT('',(-0.000735945916529763,0.0013825,0.0008));
#3761=CARTESIAN_POINT('',(-0.000996742834375775,0.0013825,0.0008));
#3762=CARTESIAN_POINT('',(-0.000996742834375775,0.0013825,0.0007));
#3763=CARTESIAN_POINT('',(-0.00109636230418495,0.0013825,0.000708715574274766));
#3764=CARTESIAN_POINT('',(-0.00113026143931081,0.0013825,0.000321246686767842));
#3765=CARTESIAN_POINT('',(-0.00115038053019082,0.0013825,9.12844257252341E-5));
#3766=CARTESIAN_POINT('',(-0.00125,0.0013825,0.0001));
#3767=CARTESIAN_POINT('',(-0.00125,0.0013825,3.3881317890172E-19));
#3768=CARTESIAN_POINT('',(-0.00115296681770387,0.0013825,5.05424202717973E-31));
#3769=MECHANICAL_DESIGN_GEOMETRIC_PRESENTATION_REPRESENTATION('',(#2205),
#3778);
#3770=MECHANICAL_DESIGN_GEOMETRIC_PRESENTATION_REPRESENTATION('',(#2206),
#3779);
#3771=MECHANICAL_DESIGN_GEOMETRIC_PRESENTATION_REPRESENTATION('',(#2207),
#3780);
#3772=MECHANICAL_DESIGN_GEOMETRIC_PRESENTATION_REPRESENTATION('',(#2208),
#3781);
#3773=MECHANICAL_DESIGN_GEOMETRIC_PRESENTATION_REPRESENTATION('',(#2209),
#3782);
#3774=MECHANICAL_DESIGN_GEOMETRIC_PRESENTATION_REPRESENTATION('',(#2210),
#3783);
#3775=MECHANICAL_DESIGN_GEOMETRIC_PRESENTATION_REPRESENTATION('',(#2211),
#3784);
#3776=MECHANICAL_DESIGN_GEOMETRIC_PRESENTATION_REPRESENTATION('',(#2212),
#3785);
#3777=MECHANICAL_DESIGN_GEOMETRIC_PRESENTATION_REPRESENTATION('',(#2213),
#3786);
#3778=(
GEOMETRIC_REPRESENTATION_CONTEXT(3)
GLOBAL_UNCERTAINTY_ASSIGNED_CONTEXT((#3787))
GLOBAL_UNIT_ASSIGNED_CONTEXT((#3814,#3805,#3796))
REPRESENTATION_CONTEXT('Part 6','TOP_LEVEL_ASSEMBLY_PART')
);
#3779=(
GEOMETRIC_REPRESENTATION_CONTEXT(3)
GLOBAL_UNCERTAINTY_ASSIGNED_CONTEXT((#3788))
GLOBAL_UNIT_ASSIGNED_CONTEXT((#3815,#3806,#3797))
REPRESENTATION_CONTEXT('Part 7','TOP_LEVEL_ASSEMBLY_PART')
);
#3780=(
GEOMETRIC_REPRESENTATION_CONTEXT(3)
GLOBAL_UNCERTAINTY_ASSIGNED_CONTEXT((#3789))
GLOBAL_UNIT_ASSIGNED_CONTEXT((#3816,#3807,#3798))
REPRESENTATION_CONTEXT('SOT-23-body','TOP_LEVEL_ASSEMBLY_PART')
);
#3781=(
GEOMETRIC_REPRESENTATION_CONTEXT(3)
GLOBAL_UNCERTAINTY_ASSIGNED_CONTEXT((#3790))
GLOBAL_UNIT_ASSIGNED_CONTEXT((#3817,#3808,#3799))
REPRESENTATION_CONTEXT('Part 4','TOP_LEVEL_ASSEMBLY_PART')
);
#3782=(
GEOMETRIC_REPRESENTATION_CONTEXT(3)
GLOBAL_UNCERTAINTY_ASSIGNED_CONTEXT((#3791))
GLOBAL_UNIT_ASSIGNED_CONTEXT((#3818,#3809,#3800))
REPRESENTATION_CONTEXT('Part 8','TOP_LEVEL_ASSEMBLY_PART')
);
#3783=(
GEOMETRIC_REPRESENTATION_CONTEXT(3)
GLOBAL_UNCERTAINTY_ASSIGNED_CONTEXT((#3792))
GLOBAL_UNIT_ASSIGNED_CONTEXT((#3819,#3810,#3801))
REPRESENTATION_CONTEXT('SOT-23-c2','TOP_LEVEL_ASSEMBLY_PART')
);
#3784=(
GEOMETRIC_REPRESENTATION_CONTEXT(3)
GLOBAL_UNCERTAINTY_ASSIGNED_CONTEXT((#3793))
GLOBAL_UNIT_ASSIGNED_CONTEXT((#3820,#3811,#3802))
REPRESENTATION_CONTEXT('SOT-23-c5','TOP_LEVEL_ASSEMBLY_PART')
);
#3785=(
GEOMETRIC_REPRESENTATION_CONTEXT(3)
GLOBAL_UNCERTAINTY_ASSIGNED_CONTEXT((#3794))
GLOBAL_UNIT_ASSIGNED_CONTEXT((#3821,#3812,#3803))
REPRESENTATION_CONTEXT('Part 5','TOP_LEVEL_ASSEMBLY_PART')
);
#3786=(
GEOMETRIC_REPRESENTATION_CONTEXT(3)
GLOBAL_UNCERTAINTY_ASSIGNED_CONTEXT((#3795))
GLOBAL_UNIT_ASSIGNED_CONTEXT((#3822,#3813,#3804))
REPRESENTATION_CONTEXT('Part 9','TOP_LEVEL_ASSEMBLY_PART')
);
#3787=UNCERTAINTY_MEASURE_WITH_UNIT(LENGTH_MEASURE(1.E-8),#3814,
'DISTANCE_ACCURACY_VALUE','Maximum Tolerance applied to model');
#3788=UNCERTAINTY_MEASURE_WITH_UNIT(LENGTH_MEASURE(1.E-8),#3815,
'DISTANCE_ACCURACY_VALUE','Maximum Tolerance applied to model');
#3789=UNCERTAINTY_MEASURE_WITH_UNIT(LENGTH_MEASURE(1.E-8),#3816,
'DISTANCE_ACCURACY_VALUE','Maximum Tolerance applied to model');
#3790=UNCERTAINTY_MEASURE_WITH_UNIT(LENGTH_MEASURE(1.E-8),#3817,
'DISTANCE_ACCURACY_VALUE','Maximum Tolerance applied to model');
#3791=UNCERTAINTY_MEASURE_WITH_UNIT(LENGTH_MEASURE(1.E-8),#3818,
'DISTANCE_ACCURACY_VALUE','Maximum Tolerance applied to model');
#3792=UNCERTAINTY_MEASURE_WITH_UNIT(LENGTH_MEASURE(1.E-8),#3819,
'DISTANCE_ACCURACY_VALUE','Maximum Tolerance applied to model');
#3793=UNCERTAINTY_MEASURE_WITH_UNIT(LENGTH_MEASURE(1.E-8),#3820,
'DISTANCE_ACCURACY_VALUE','Maximum Tolerance applied to model');
#3794=UNCERTAINTY_MEASURE_WITH_UNIT(LENGTH_MEASURE(1.E-8),#3821,
'DISTANCE_ACCURACY_VALUE','Maximum Tolerance applied to model');
#3795=UNCERTAINTY_MEASURE_WITH_UNIT(LENGTH_MEASURE(1.E-8),#3822,
'DISTANCE_ACCURACY_VALUE','Maximum Tolerance applied to model');
#3796=(
NAMED_UNIT(*)
SI_UNIT($,.STERADIAN.)
SOLID_ANGLE_UNIT()
);
#3797=(
NAMED_UNIT(*)
SI_UNIT($,.STERADIAN.)
SOLID_ANGLE_UNIT()
);
#3798=(
NAMED_UNIT(*)
SI_UNIT($,.STERADIAN.)
SOLID_ANGLE_UNIT()
);
#3799=(
NAMED_UNIT(*)
SI_UNIT($,.STERADIAN.)
SOLID_ANGLE_UNIT()
);
#3800=(
NAMED_UNIT(*)
SI_UNIT($,.STERADIAN.)
SOLID_ANGLE_UNIT()
);
#3801=(
NAMED_UNIT(*)
SI_UNIT($,.STERADIAN.)
SOLID_ANGLE_UNIT()
);
#3802=(
NAMED_UNIT(*)
SI_UNIT($,.STERADIAN.)
SOLID_ANGLE_UNIT()
);
#3803=(
NAMED_UNIT(*)
SI_UNIT($,.STERADIAN.)
SOLID_ANGLE_UNIT()
);
#3804=(
NAMED_UNIT(*)
SI_UNIT($,.STERADIAN.)
SOLID_ANGLE_UNIT()
);
#3805=(
NAMED_UNIT(*)
PLANE_ANGLE_UNIT()
SI_UNIT($,.RADIAN.)
);
#3806=(
NAMED_UNIT(*)
PLANE_ANGLE_UNIT()
SI_UNIT($,.RADIAN.)
);
#3807=(
NAMED_UNIT(*)
PLANE_ANGLE_UNIT()
SI_UNIT($,.RADIAN.)
);
#3808=(
NAMED_UNIT(*)
PLANE_ANGLE_UNIT()
SI_UNIT($,.RADIAN.)
);
#3809=(
NAMED_UNIT(*)
PLANE_ANGLE_UNIT()
SI_UNIT($,.RADIAN.)
);
#3810=(
NAMED_UNIT(*)
PLANE_ANGLE_UNIT()
SI_UNIT($,.RADIAN.)
);
#3811=(
NAMED_UNIT(*)
PLANE_ANGLE_UNIT()
SI_UNIT($,.RADIAN.)
);
#3812=(
NAMED_UNIT(*)
PLANE_ANGLE_UNIT()
SI_UNIT($,.RADIAN.)
);
#3813=(
NAMED_UNIT(*)
PLANE_ANGLE_UNIT()
SI_UNIT($,.RADIAN.)
);
#3814=(
LENGTH_UNIT()
NAMED_UNIT(*)
SI_UNIT($,.METRE.)
);
#3815=(
LENGTH_UNIT()
NAMED_UNIT(*)
SI_UNIT($,.METRE.)
);
#3816=(
LENGTH_UNIT()
NAMED_UNIT(*)
SI_UNIT($,.METRE.)
);
#3817=(
LENGTH_UNIT()
NAMED_UNIT(*)
SI_UNIT($,.METRE.)
);
#3818=(
LENGTH_UNIT()
NAMED_UNIT(*)
SI_UNIT($,.METRE.)
);
#3819=(
LENGTH_UNIT()
NAMED_UNIT(*)
SI_UNIT($,.METRE.)
);
#3820=(
LENGTH_UNIT()
NAMED_UNIT(*)
SI_UNIT($,.METRE.)
);
#3821=(
LENGTH_UNIT()
NAMED_UNIT(*)
SI_UNIT($,.METRE.)
);
#3822=(
LENGTH_UNIT()
NAMED_UNIT(*)
SI_UNIT($,.METRE.)
);
#3823=PRODUCT_DEFINITION_SHAPE('','',#3832);
#3824=PRODUCT_DEFINITION_SHAPE('','',#3833);
#3825=PRODUCT_DEFINITION_SHAPE('','',#3834);
#3826=PRODUCT_DEFINITION_SHAPE('','',#3835);
#3827=PRODUCT_DEFINITION_SHAPE('','',#3836);
#3828=PRODUCT_DEFINITION_SHAPE('','',#3837);
#3829=PRODUCT_DEFINITION_SHAPE('','',#3838);
#3830=PRODUCT_DEFINITION_SHAPE('','',#3839);
#3831=PRODUCT_DEFINITION_SHAPE('','',#3840);
#3832=PRODUCT_DEFINITION('','',#3850,#3841);
#3833=PRODUCT_DEFINITION('','',#3851,#3842);
#3834=PRODUCT_DEFINITION('','',#3852,#3843);
#3835=PRODUCT_DEFINITION('','',#3853,#3844);
#3836=PRODUCT_DEFINITION('','',#3854,#3845);
#3837=PRODUCT_DEFINITION('','',#3855,#3846);
#3838=PRODUCT_DEFINITION('','',#3856,#3847);
#3839=PRODUCT_DEFINITION('','',#3857,#3848);
#3840=PRODUCT_DEFINITION('','',#3858,#3849);
#3841=PRODUCT_DEFINITION_CONTEXT('',#3904,'design');
#3842=PRODUCT_DEFINITION_CONTEXT('',#3905,'design');
#3843=PRODUCT_DEFINITION_CONTEXT('',#3906,'design');
#3844=PRODUCT_DEFINITION_CONTEXT('',#3907,'design');
#3845=PRODUCT_DEFINITION_CONTEXT('',#3908,'design');
#3846=PRODUCT_DEFINITION_CONTEXT('',#3909,'design');
#3847=PRODUCT_DEFINITION_CONTEXT('',#3910,'design');
#3848=PRODUCT_DEFINITION_CONTEXT('',#3911,'design');
#3849=PRODUCT_DEFINITION_CONTEXT('',#3912,'design');
#3850=PRODUCT_DEFINITION_FORMATION_WITH_SPECIFIED_SOURCE('','',#3868,
 .NOT_KNOWN.);
#3851=PRODUCT_DEFINITION_FORMATION_WITH_SPECIFIED_SOURCE('','',#3869,
 .NOT_KNOWN.);
#3852=PRODUCT_DEFINITION_FORMATION_WITH_SPECIFIED_SOURCE('','',#3870,
 .NOT_KNOWN.);
#3853=PRODUCT_DEFINITION_FORMATION_WITH_SPECIFIED_SOURCE('','',#3871,
 .NOT_KNOWN.);
#3854=PRODUCT_DEFINITION_FORMATION_WITH_SPECIFIED_SOURCE('','',#3872,
 .NOT_KNOWN.);
#3855=PRODUCT_DEFINITION_FORMATION_WITH_SPECIFIED_SOURCE('','',#3873,
 .NOT_KNOWN.);
#3856=PRODUCT_DEFINITION_FORMATION_WITH_SPECIFIED_SOURCE('','',#3874,
 .NOT_KNOWN.);
#3857=PRODUCT_DEFINITION_FORMATION_WITH_SPECIFIED_SOURCE('','',#3875,
 .NOT_KNOWN.);
#3858=PRODUCT_DEFINITION_FORMATION_WITH_SPECIFIED_SOURCE('','',#3876,
 .NOT_KNOWN.);
#3859=PRODUCT_RELATED_PRODUCT_CATEGORY('','',(#3868));
#3860=PRODUCT_RELATED_PRODUCT_CATEGORY('','',(#3869));
#3861=PRODUCT_RELATED_PRODUCT_CATEGORY('','',(#3870));
#3862=PRODUCT_RELATED_PRODUCT_CATEGORY('','',(#3871));
#3863=PRODUCT_RELATED_PRODUCT_CATEGORY('','',(#3872));
#3864=PRODUCT_RELATED_PRODUCT_CATEGORY('','',(#3873));
#3865=PRODUCT_RELATED_PRODUCT_CATEGORY('','',(#3874));
#3866=PRODUCT_RELATED_PRODUCT_CATEGORY('','',(#3875));
#3867=PRODUCT_RELATED_PRODUCT_CATEGORY('','',(#3876));
#3868=PRODUCT('Part 6','Part 6','Part 6',(#3886));
#3869=PRODUCT('Part 7','Part 7','Part 7',(#3887));
#3870=PRODUCT('SOT-23-body','SOT-23-body','SOT-23-body',(#3888));
#3871=PRODUCT('Part 4','Part 4','Part 4',(#3889));
#3872=PRODUCT('Part 8','Part 8','Part 8',(#3890));
#3873=PRODUCT('SOT-23-c2','SOT-23-c2','SOT-23-c2',(#3891));
#3874=PRODUCT('SOT-23-c5','SOT-23-c5','SOT-23-c5',(#3892));
#3875=PRODUCT('Part 5','Part 5','Part 5',(#3893));
#3876=PRODUCT('Part 9','Part 9','Part 9',(#3894));
#3877=PRODUCT_CATEGORY('','');
#3878=PRODUCT_CATEGORY('','');
#3879=PRODUCT_CATEGORY('','');
#3880=PRODUCT_CATEGORY('','');
#3881=PRODUCT_CATEGORY('','');
#3882=PRODUCT_CATEGORY('','');
#3883=PRODUCT_CATEGORY('','');
#3884=PRODUCT_CATEGORY('','');
#3885=PRODUCT_CATEGORY('','');
#3886=PRODUCT_CONTEXT('',#3904,'mechanical');
#3887=PRODUCT_CONTEXT('',#3905,'mechanical');
#3888=PRODUCT_CONTEXT('',#3906,'mechanical');
#3889=PRODUCT_CONTEXT('',#3907,'mechanical');
#3890=PRODUCT_CONTEXT('',#3908,'mechanical');
#3891=PRODUCT_CONTEXT('',#3909,'mechanical');
#3892=PRODUCT_CONTEXT('',#3910,'mechanical');
#3893=PRODUCT_CONTEXT('',#3911,'mechanical');
#3894=PRODUCT_CONTEXT('',#3912,'mechanical');
#3895=APPLICATION_PROTOCOL_DEFINITION('international standard',
'ap242_managed_model_based_3d_engineering',2020,#3904);
#3896=APPLICATION_PROTOCOL_DEFINITION('international standard',
'ap242_managed_model_based_3d_engineering',2020,#3905);
#3897=APPLICATION_PROTOCOL_DEFINITION('international standard',
'ap242_managed_model_based_3d_engineering',2020,#3906);
#3898=APPLICATION_PROTOCOL_DEFINITION('international standard',
'ap242_managed_model_based_3d_engineering',2020,#3907);
#3899=APPLICATION_PROTOCOL_DEFINITION('international standard',
'ap242_managed_model_based_3d_engineering',2020,#3908);
#3900=APPLICATION_PROTOCOL_DEFINITION('international standard',
'ap242_managed_model_based_3d_engineering',2020,#3909);
#3901=APPLICATION_PROTOCOL_DEFINITION('international standard',
'ap242_managed_model_based_3d_engineering',2020,#3910);
#3902=APPLICATION_PROTOCOL_DEFINITION('international standard',
'ap242_managed_model_based_3d_engineering',2020,#3911);
#3903=APPLICATION_PROTOCOL_DEFINITION('international standard',
'ap242_managed_model_based_3d_engineering',2020,#3912);
#3904=APPLICATION_CONTEXT('managed model based 3d engineering');
#3905=APPLICATION_CONTEXT('managed model based 3d engineering');
#3906=APPLICATION_CONTEXT('managed model based 3d engineering');
#3907=APPLICATION_CONTEXT('managed model based 3d engineering');
#3908=APPLICATION_CONTEXT('managed model based 3d engineering');
#3909=APPLICATION_CONTEXT('managed model based 3d engineering');
#3910=APPLICATION_CONTEXT('managed model based 3d engineering');
#3911=APPLICATION_CONTEXT('managed model based 3d engineering');
#3912=APPLICATION_CONTEXT('managed model based 3d engineering');
ENDSEC;
END-ISO-10303-21;
